index	Ward	Labor Force	Employment	Unemployment	Rate	Month/year
1	1	"43,509"	"40,878"	"2,631"	6	Jan-02
2	1	"43,904"	"41,187"	"2,717"	6.2	Feb-02
3	1	"43,795"	"41,319"	"2,476"	5.7	Mar-02
4	1	"43,804"	"41,551"	"2,253"	5.1	Apr-02
5	1	"43,528"	"41,113"	"2,415"	5.5	May-02
6	1	"44,393"	"41,597"	"2,796"	6.3	Jun-02
7	1	"45,173"	"42,489 "	"2,684"	5.9	Jul-02
8	1	"44,225"	"41,660 "	"2,565"	5.8	Aug-02
9	1	"43,596"	"41,238 "	"2,358"	5.4	Sep-02
10	1	"43,308"	"40,979"	"2,330"	5.4	Oct-02
11	1	"43,276"	"40,824"	"2,452"	5.7	Nov-02
12	1	"43,312"	"40,792"	"2,521"	5.8	Dec-02
13	1	"43,229"	"40,679"	"2,550"	5.9	Jan-03
14	1	"43,841"	"41,058"	"2,783"	6.3	Feb-03
15	1	"43,857"	"41,378"	"2,480"	5.7	Mar-03
16	1	"43,952"	"41,391"	"2,562"	5.8	Apr-03
17	1	"43,632"	"41,292"	"2,340"	5.4	May-03
18	1	"44,952"	"41,871"	"3,082"	6.9	Jun-03
19	1	"45,325"	"42,517 "	"2,808"	6.2	Jul-03
20	1	"44,570"	"41,602 "	"2,968"	6.7	Aug-03
21	1	"43,608"	"41,338 "	"2,270"	5.2	Sep-03
22	1	"44,243"	"41,539"	"2,704"	6.1	Oct-03
23	1	"43,924"	"41,321"	"2,603"	5.9	Nov-03
24	1	"43,382"	"40,941"	"2,441"	5.6	Dec-03
25	1	"43,752"	"41,079"	"2,672"	6.1	Jan-04
26	1	"44,297"	"41,613"	"2,683"	6.1	Feb-04
27	1	"44,406"	"41,495"	"2,910"	6.6	Mar-04
28	1	"44,246"	"41,629"	"2,617"	5.9	Apr-04
29	1	"43,966"	"41,277"	"2,689"	6.1	May-04
30	1	"44,856"	"41,837"	"3,019"	6.7	Jun-04
31	1	"45,705"	"42,412 "	"3,293"	7.2	Jul-04
32	1	"45,120"	"42,320 "	"2,800"	6.2	Aug-04
33	1	"44,730"	"41,962 "	"2,768"	6.2	Sep-04
34	1	"45,057"	"42,175"	"2,883"	6.4	Oct-04
35	1	"45,092"	"42,150"	"2,941"	6.5	Nov-04
36	1	"45,280"	"42,263"	"3,017"	6.7	Dec-04
37	1	"45,105"	"42,423"	"2,682"	5.9	Jan-05
38	1	"45,798"	"42,856"	"2,942"	6.4	Feb-05
39	1	"45,689"	"42,983"	"2,706"	5.9	Mar-05
40	1	"45,678"	"43,254"	"2,424"	5.3	Apr-05
41	1	"45,525"	"42,808"	"2,717"	6	May-05
42	1	"46,207"	"43,495"	"2,712"	5.9	Jun-05
43	1	"47,049"	"44,533 "	"2,515"	5.3	Jul-05
44	1	"46,481"	"44,076 "	"2,406"	5.2	Aug-05
45	1	"45,770"	"43,467 "	"2,303"	5	Sep-05
46	1	"45,742"	"43,446"	"2,296"	5	Oct-05
47	1	"45,577"	"43,248"	"2,330"	5.1	Nov-05
48	1	"45,715"	"43,411"	"2,303"	5	Dec-05
49	1	"45,433"	"43,243"	"2,190"	4.8	Jan-06
50	1	"45,847"	"43,593"	"2,254"	4.9	Feb-06
51	1	"45,718"	"43,532"	"2,186"	4.8	Mar-06
52	1	"45,510"	"43,419"	"2,091"	4.6	Apr-06
53	1	"45,903"	"43,639"	"2,264"	4.9	May-06
54	1	"47,000"	"44,646"	"2,354"	5	Jun-06
55	1	"47,577"	"45,030 "	"2,548"	5.4	Jul-06
56	1	"46,784"	"44,408 "	"2,375"	5.1	Aug-06
57	1	"46,168"	"43,915 "	"2,253"	4.9	Sep-06
58	1	"46,712"	"44,636"	"2,076"	4.4	Oct-06
59	1	"46,591"	"44,448"	"2,143"	4.6	Nov-06
60	1	"46,767"	"44,513"	"2,254"	4.8	Dec-06
61	1	"46,147"	"43,824"	"2,323"	5	Jan-07
62	1	"46,507"	"44,341"	"2,166"	4.7	Feb-07
63	1	"46,564"	"44,518"	"2,046"	4.4	Mar-07
64	1	"46,538"	"44,595"	"1,943"	4.2	Apr-07
65	1	"46,447"	"44,388"	"2,058"	4.4	May-07
66	1	"46,840"	"44,558"	"2,282"	4.9	Jun-07
67	1	"47,709"	"45,360 "	"2,349"	4.9	Jul-07
68	1	"47,042"	"44,858 "	"2,184"	4.6	Aug-07
69	1	"46,907"	"44,648 "	"2,259"	4.8	Sep-07
70	1	"47,064"	"44,977"	"2,087"	4.4	Oct-07
71	1	"47,356"	"45,153"	"2,203"	4.7	Nov-07
72	1	"47,178"	"44,990"	"2,188"	4.6	Dec-07
73	1	"47,223"	"44,716"	"2,507"	5.3	Jan-08
74	1	"47,342"	"45,173"	"2,169"	4.6	Feb-08
75	1	"47,719"	"45,306"	"2,413"	5.1	Mar-08
76	1	"47,565"	"45,571"	"1,995"	4.2	Apr-08
77	1	"47,737"	"45,248"	"2,489"	5.2	May-08
78	1	"48,258"	"45,580"	"2,678"	5.5	Jun-08
79	1	"49,314"	"46,436 "	"2,879"	5.8	Jul-08
80	1	"48,849"	"46,018 "	"2,832"	5.8	Aug-08
81	1	"48,166"	"45,328 "	"2,839"	5.9	Sep-08
82	1	"47,826"	"44,928"	"2,897"	6.1	Oct-08
83	1	"47,716"	"44,586"	"3,130"	6.6	Nov-08
84	1	"47,535"	"44,262"	"3,274"	6.9	Dec-08
85	1	"47,650"	"44,120"	"3,530"	7.4	Jan-09
86	1	"47,876"	"44,199"	"3,677"	7.7	Feb-09
87	1	"47,314"	"43,838"	"3,476"	7.3	Mar-09
88	1	"47,026"	"43,686"	"3,340"	7.1	Apr-09
89	1	"47,477"	"43,596"	"3,881"	8.2	May-09
90	1	"48,325"	"44,078"	"4,248"	8.8	Jun-09
91	1	"49,058"	"45,073 "	"3,985"	8.1	Jul-09
92	1	"48,175"	"44,012 "	"4,164"	8.6	Aug-09
93	1	"47,701"	"43,454 "	"4,247"	8.9	Sep-09
94	1	"47,934"	"43,547"	"4,387"	9.2	Oct-09
95	1	"48,070"	"43,860"	"4,210"	8.8	Nov-09
96	1	"48,092"	"43,799"	"4,293"	8.9	
97	1	"52,559"	"48,992"	"3,567"	6.8	Jan-10
98	1	"52,745"	"49,271"	"3,474"	6.6	Feb-10
99	1	"52,987"	"49,621"	"3,366"	6.4	Mar-10
100	1	"53,435"	"50,347"	"3,088"	5.8	Apr-10
101	1	"53,739"	"50,551"	"3,188"	5.9	May-10
102	1	"54,575"	"51,109"	"3,466"	6.4	Jun-10
103	1	"55,127"	"51,656 "	"3,471"	6.3	Jul-10
104	1	"53,569"	"50,224 "	"3,345"	6.2	Aug-10
105	1	"53,378"	"50,045 "	"3,333"	6.2	Sep-10
106	1	"53,501"	"50,162"	"3,339"	6.2	Oct-10
107	1	"53,573"	"50,209"	"3,364"	6.3	Nov-10
108	1	"53,515"	"50,208"	"3,307"	6.2	Dec-10
109	1	"53,813"	"50,243"	"3,570"	6.6	Jan-11
110	1	"54,252"	"50,633"	"3,619"	6.7	Feb-11
111	1	"53,984"	"50,391"	"3,593"	6.7	Mar-11
112	1	"53,936"	"50,475"	"3,461"	6.4	Apr-11
113	1	"53,579"	"49,950"	"3,629"	6.8	May-11
114	1	"54,455"	"50,494"	"3,961"	7.3	Jun-11
115	1	"55,151"	"51,199 "	"3,952"	7.2	Jul-11
116	1	"54,208"	"50,407 "	"3,801"	7	Aug-11
117	1	"54,024"	"50,282 "	"3,742"	6.9	Sep-11
118	1	"53,985"	"50,327"	"3,658"	6.8	
119	1	"54,078"	"50,481"	"3,597"	6.7	Nov-11
120	1	"54,205"	"50,700"	"3,505"	6.5	Dec-11
121	1	"54,499"	"50,831"	"3,668"	6.7	Jan-12
122	1	"55,136"	"51,496"	"3,640"	6.6	Feb-12
123	1	"55,285"	"51,835"	"3,450"	6.2	Mar-12
124	1	"55,441"	"52,269"	"3,172"	5.7	Apr-12
125	1	"55,829"	"52,625"	"3,204"	5.7	May-12
126	1	"57,033"	"53,557"	"3,476"	6.1	Jun-12
127	1	"57,703"	"54,241 "	"3,462"	6	Jul-12
128	1	"57,032"	"53,616 "	"3,416"	6	Aug-12
129	1	"57,111"	"53,727 "	"3,384"	5.9	Sep-12
130	1	"57,797"	"54,442"	"3,355"	5.8	Oct-12
131	1	"57,961"	"54,631"	"3,330"	5.7	Nov-12
132	1	"57,928"	"54,616"	"3,312"	5.7	Dec-12
133	1	"58,529"	"54,392"	"4,137"	7.1	Jan-13
134	1	"58,734"	"54,762"	"3,972"	6.8	Feb-13
135	1	"58,449"	"54,665"	"3,784"	6.5	Mar-13
136	1	"58,471"	"54,935"	"3,536"	6	Apr-13
137	1	"58,208"	"54,654"	"3,554"	6.1	May-13
138	1	"59,046"	"54,987"	"4,059"	6.9	Jun-13
139	1	"59,370"	"55,463"	"3,907"	6.6	Jul-13
140	1	"58,111"	"54,405"	"3,706"	6.4	Aug-13
141	1	"57,893"	"54,217"	"3,676"	6.3	Sep-13
142	1	"58,073"	"54,406"	"3,667"	6.3	Oct-13
143	1	"58,252"	"54,879"	"3,373"	5.8	Nov-13
144	1	"58,146"	"54,934"	"3,212"	5.5	Dec-13
145	1	"58,064"	"54,502"	"3,562"	6.1	Jan-14
146	1	"58,467"	"54,813"	"3,654"	6.2	Feb-14
147	1	"58,234"	"54,812"	"3,422"	5.9	Mar-14
148	1	"58,295"	"55,148"	"3,147"	5.4	Apr-14
149	1	"58,372"	"55,219"	"3,153"	5.4	May-14
150	1	"59,547"	"55,960"	"3,587"	6	Jun-14
151	1	"60,083"	"56,534"	"3,549"	5.9	Jul-14
152	1	"59,364"	"55,737"	"3,627"	6.1	Aug-14
153	1	"59,612"	"56,077"	"3,535"	5.9	Sep-14
154	1	"60,068"	"56,668"	"3,400"	5.7	Oct-14
155	1	"59,984"	"56,697"	"3,287"	5.5	Nov-14
156	1	"59,784"	"56,613"	"3,171"	5.3	Dec-14
157	1	"60,208"	"56,662"	"3,546"	5.9	Jan-15
158	1	"60,412"	"56,993"	"3,419"	5.7	Feb-15
159	1	"60,105"	"56,980"	"3,125"	5.2	Mar-15
160	1	"60,130"	"57,279"	"2,851"	4.7	Apr-15
161	1	"59,994"	"57,121"	"2,873"	4.8	May-15
162	1	"60,966"	"57,796"	"3,170"	5.2	Jun-15
163	1	"61,639"	"58,611"	"3,028"	4.9	Jul-15
164	1	"60,770"	"57,749"	"3,021"	5	Aug-15
165	1	"60,562"	"57,631"	"2,931"	4.8	Sep-15
166	1	"61,135"	"58,250"	"2,885"	4.7	Oct-15
167	1	"61,113"	"58,325"	"2,788"	4.6	Nov-15
168	1	"61,108"	"58,440"	"2,668"	4.4	Dec-15
169	1	"61,194"	"58,263"	"2,931"	4.8	Jan-16
170	1	"61,728"	"58,735"	"2,993"	4.8	Feb-16
171	1	"61,561"	"58,896"	"2,665"	4.3	Mar-16
172	1	"61,719"	"59,259"	"2,460"	4	Apr-16
173	1	"61,303"	"58,883"	"2,420"	3.9	May-16
174	1	"62,109"	"59,199"	"2,910"	4.7	Jun-16
175	1	"62,440"	"59,601"	"2,839"	4.5	Jul-16
176	1	"61,552"	"58,652"	"2,900"	4.7	Aug-16
177	1	"61,535"	"58,740"	"2,795"	4.5	Sep-16
178	1	"62,090"	"59,455"	"2,635"	4.2	Oct-16
179	1	"62,092"	"59,583"	"2,509"	4	Nov-16
180	1	"61,884"	"59,455"	"2,429"	3.9	Dec-16
181	1	"62,521"	"59,803"	"2,718"	4.3	Jan-17
182	1	"63,035"	"60,060"	"2,975"	4.7	Feb-17
183	1	"62,669"	"59,970"	"2,699"	4.3	Mar-17
184	1	"62,823"	"60,271"	"2,552"	4.1	Apr-17
185	1	"63,224"	"60,620"	"2,604"	4.1	May-17
186	1	"63,772"	"60,704"	"3,068"	4.8	Jun-17
1	2	"44,158"	"42,656"	"1,502"	3.4	Jan-02
2	2	"44,529"	"42,978"	"1,551"	3.5	Feb-02
3	2	"44,529"	"43,115"	"1,414"	3.2	Mar-02
4	2	"44,644"	"43,358"	"1,286"	2.9	Apr-02
5	2	"44,279"	"42,901"	"1,379"	3.1	May-02
6	2	"45,002"	"43,405"	"1,597"	3.5	Jun-02
7	2	"45,869"	"44,336 "	"1,532"	3.3	Jul-02
8	2	"44,936"	"43,471 "	"1,465"	3.3	Aug-02
9	2	"44,377"	"43,031 "	"1,346"	3	Sep-02
10	2	"44,090"	"42,760"	"1,330"	3	Oct-02
11	2	"43,999"	"42,599"	"1,400"	3.2	Nov-02
12	2	"44,004"	"42,565"	"1,439"	3.3	Dec-02
13	2	"43,904"	"42,448"	"1,456"	3.3	Jan-03
14	2	"44,432"	"42,843"	"1,589"	3.6	Feb-03
15	2	"44,592"	"43,177"	"1,416"	3.2	Mar-03
16	2	"44,653"	"43,190"	"1,462"	3.3	Apr-03
17	2	"44,423"	"43,087"	"1,336"	3	May-03
18	2	"45,450"	"43,691"	"1,759"	3.9	Jun-03
19	2	"45,969"	"44,366 "	"1,603"	3.5	Jul-03
20	2	"45,105"	"43,411 "	"1,695"	3.8	Aug-03
21	2	"44,431"	"43,135 "	"1,296"	2.9	Sep-03
22	2	"44,889"	"43,345"	"1,544"	3.4	Oct-03
23	2	"44,603"	"43,117"	"1,486"	3.3	Nov-03
24	2	"44,115"	"42,721"	"1,394"	3.2	Dec-03
25	2	"44,391"	"42,865"	"1,526"	3.4	Jan-04
26	2	"44,955"	"43,423"	"1,532"	3.4	Feb-04
27	2	"44,961"	"43,299"	"1,662"	3.7	Mar-04
28	2	"44,933"	"43,439"	"1,494"	3.3	Apr-04
29	2	"44,607"	"43,071"	"1,535"	3.4	May-04
30	2	"45,380"	"43,656"	"1,723"	3.8	Jun-04
31	2	"46,136"	"44,256 "	"1,880"	4.1	Jul-04
32	2	"45,759"	"44,160 "	"1,599"	3.5	Aug-04
33	2	"45,367"	"43,787 "	"1,580"	3.5	Sep-04
34	2	"45,654"	"44,008"	"1,646"	3.6	Oct-04
35	2	"45,662"	"43,983"	"1,679"	3.7	Nov-04
36	2	"45,823"	"44,101"	"1,722"	3.8	Dec-04
37	2	"45,799"	"44,268"	"1,531"	3.3	Jan-05
38	2	"46,399"	"44,719"	"1,680"	3.6	Feb-05
39	2	"46,397"	"44,852"	"1,545"	3.3	Mar-05
40	2	"46,519"	"45,135"	"1,384"	3	Apr-05
41	2	"46,221"	"44,669"	"1,551"	3.4	May-05
42	2	"46,934"	"45,386"	"1,548"	3.3	Jun-05
43	2	"47,905"	"46,469 "	"1,436"	3	Jul-05
44	2	"47,365"	"45,992 "	"1,373"	2.9	Aug-05
45	2	"46,672"	"45,357 "	"1,315"	2.8	Sep-05
46	2	"46,645"	"45,335"	"1,311"	2.8	Oct-05
47	2	"46,458"	"45,128"	"1,330"	2.9	Nov-05
48	2	"46,614"	"45,299"	"1,315"	2.8	Dec-05
49	2	"46,373"	"45,123"	"1,250"	2.7	Jan-06
50	2	"46,775"	"45,488"	"1,287"	2.8	Feb-06
51	2	"46,673"	"45,425"	"1,248"	2.7	Mar-06
52	2	"46,501"	"45,307"	"1,194"	2.6	Apr-06
53	2	"46,829"	"45,536"	"1,293"	2.8	May-06
54	2	"47,931"	"46,587"	"1,344"	2.8	Jun-06
55	2	"48,442"	"46,987 "	"1,454"	3	Jul-06
56	2	"47,695"	"46,339 "	"1,356"	2.8	Aug-06
57	2	"47,111"	"45,825 "	"1,286"	2.7	Sep-06
58	2	"47,762"	"46,577"	"1,185"	2.5	Oct-06
59	2	"47,604"	"46,381"	"1,223"	2.6	Nov-06
60	2	"47,735"	"46,448"	"1,287"	2.7	Dec-06
61	2	"47,055"	"45,729"	"1,326"	2.8	Jan-07
62	2	"47,505"	"46,269"	"1,236"	2.6	Feb-07
63	2	"47,622"	"46,454"	"1,168"	2.5	Mar-07
64	2	"47,643"	"46,534"	"1,109"	2.3	Apr-07
65	2	"47,493"	"46,318"	"1,175"	2.5	May-07
66	2	"47,798"	"46,495"	"1,303"	2.7	Jun-07
67	2	"48,673"	"47,332 "	"1,341"	2.8	Jul-07
68	2	"48,055"	"46,808 "	"1,247"	2.6	Aug-07
69	2	"47,879"	"46,589 "	"1,290"	2.7	Sep-07
70	2	"48,124"	"46,933"	"1,191"	2.5	Oct-07
71	2	"48,374"	"47,116"	"1,258"	2.6	Nov-07
72	2	"48,195"	"46,946"	"1,249"	2.6	Dec-07
73	2	"48,091"	"46,660"	"1,431"	3	Jan-08
74	2	"48,375"	"47,137"	"1,238"	2.6	Feb-08
75	2	"48,653"	"47,276"	"1,377"	2.8	Mar-08
76	2	"48,691"	"47,552"	"1,139"	2.3	Apr-08
77	2	"48,636"	"47,215"	"1,421"	2.9	May-08
78	2	"49,090"	"47,561"	"1,529"	3.1	Jun-08
79	2	"50,098"	"48,455 "	"1,643"	3.3	Jul-08
80	2	"49,635"	"48,018 "	"1,617"	3.3	Aug-08
81	2	"48,919"	"47,298 "	"1,621"	3.3	Sep-08
82	2	"48,536"	"46,882"	"1,654"	3.4	Oct-08
83	2	"48,311"	"46,524"	"1,787"	3.7	Nov-08
84	2	"48,055"	"46,186"	"1,869"	3.9	Dec-08
85	2	"48,054"	"46,039"	"2,015"	4.2	Jan-09
86	2	"48,220"	"46,121"	"2,099"	4.4	Feb-09
87	2	"47,728"	"45,744"	"1,985"	4.2	Mar-09
88	2	"47,492"	"45,585"	"1,907"	4	Apr-09
89	2	"47,707"	"45,491"	"2,215"	4.6	May-09
90	2	"48,419"	"45,994"	"2,425"	5	Jun-09
91	2	"49,307"	"47,033 "	"2,275"	4.6	Jul-09
92	2	"48,302"	"45,925 "	"2,377"	4.9	Aug-09
93	2	"47,768"	"45,343 "	"2,425"	5.1	Sep-09
94	2	"47,945"	"45,441"	"2,505"	5.2	Oct-09
95	2	"48,171"	"45,767"	"2,404"	5	Nov-09
96	2	"48,154"	"45,703"	"2,451"	5.1	Dec-09
97	2	"52,777"	"50,696"	"2,081"	3.9	Jan-10
98	2	"53,012"	"50,985"	"2,027"	3.8	Feb-10
99	2	"53,310"	"51,347"	"1,963"	3.7	Mar-10
100	2	"53,901"	"52,099"	"1,802"	3.3	Apr-10
101	2	"54,169"	"52,309"	"1,860"	3.4	May-10
102	2	"54,909"	"52,887"	"2,022"	3.7	Jun-10
103	2	"55,478"	"53,453 "	"2,025"	3.7	Jul-10
104	2	"53,923"	"51,972 "	"1,951"	3.6	Aug-10
105	2	"53,730"	"51,786 "	"1,944"	3.6	Sep-10
106	2	"53,855"	"51,907"	"1,948"	3.6	Oct-10
107	2	"53,917"	"51,955"	"1,962"	3.6	Nov-10
108	2	"53,883"	"51,954"	"1,929"	3.6	Dec-10
109	2	"54,072"	"51,990"	"2,082"	3.9	Jan-11
110	2	"54,505"	"52,395"	"2,110"	3.9	Feb-11
111	2	"54,239"	"52,144"	"2,095"	3.9	Mar-11
112	2	"54,249"	"52,231"	"2,018"	3.7	Apr-11
113	2	"53,803"	"51,687"	"2,116"	3.9	May-11
114	2	"54,560"	"52,251"	"2,309"	4.2	Jun-11
115	2	"55,284"	"52,980 "	"2,304"	4.2	Jul-11
116	2	"54,378"	"52,161 "	"2,217"	4.1	Aug-11
117	2	"54,213"	"52,031 "	"2,182"	4	Sep-11
118	2	"54,211"	"52,078"	"2,133"	3.9	
119	2	"54,334"	"52,237"	"2,097"	3.9	Nov-11
120	2	"54,508"	"52,464"	"2,044"	3.7	Dec-11
121	2	"54,740"	"52,600"	"2,140"	3.9	Jan-12
122	2	"55,411"	"53,288"	"2,123"	3.8	Feb-12
123	2	"55,651"	"53,639"	"2,012"	3.6	Mar-12
124	2	"55,938"	"54,088"	"1,850"	3.3	Apr-12
125	2	"56,326"	"54,457"	"1,869"	3.3	May-12
126	2	"57,449"	"55,421"	"2,028"	3.5	Jun-12
127	2	"58,148"	"56,129 "	"2,019"	3.5	Jul-12
128	2	"57,474"	"55,482 "	"1,992"	3.5	Aug-12
129	2	"57,570"	"55,596 "	"1,974"	3.4	Sep-12
130	2	"58,293"	"56,336"	"1,957"	3.4	Oct-12
131	2	"58,475"	"56,533"	"1,942"	3.3	Nov-12
132	2	"58,449"	"56,517"	"1,932"	3.3	Dec-12
133	2	"60,131"	"56,283"	"3,848"	6.4	Jan-13
134	2	"60,562"	"56,667"	"3,895"	6.4	Feb-13
135	2	"60,154"	"56,567"	"3,587"	6	Mar-13
136	2	"60,136"	"56,846"	"3,290"	5.5	Apr-13
137	2	"60,022"	"56,555"	"3,467"	5.8	May-13
138	2	"60,791"	"56,900"	"3,891"	6.4	Jun-13
139	2	"61,097"	"57,392"	"3,705"	6.1	Jul-13
140	2	"59,692"	"56,297"	"3,395"	5.7	Aug-13
141	2	"59,483"	"56,102"	"3,381"	5.7	Sep-13
142	2	"59,711"	"56,298"	"3,413"	5.7	Oct-13
143	2	"59,901"	"56,788"	"3,113"	5.2	Nov-13
144	2	"59,723"	"56,845"	"2,878"	4.8	Dec-13
145	2	"59,675"	"56,398"	"3,277"	5.5	Jan-14
146	2	"60,213"	"56,719"	"3,494"	5.8	Feb-14
147	2	"59,949"	"56,718"	"3,231"	5.4	Mar-14
148	2	"59,916"	"57,066"	"2,850"	4.8	Apr-14
149	2	"60,117"	"57,140"	"2,977"	5	May-14
150	2	"61,312"	"57,906"	"3,406"	5.6	Jun-14
151	2	"61,845"	"58,500"	"3,345"	5.4	Jul-14
152	2	"61,116"	"57,676"	"3,440"	5.6	Aug-14
153	2	"61,395"	"58,027"	"3,368"	5.5	Sep-14
154	2	"61,740"	"58,639"	"3,101"	5	Oct-14
155	2	"61,650"	"58,669"	"2,981"	4.8	Nov-14
156	2	"61,482"	"58,582"	"2,900"	4.7	Dec-14
157	2	"61,946"	"58,633"	"3,313"	5.3	Jan-15
158	2	"62,374"	"58,975"	"3,399"	5.4	Feb-15
159	2	"62,009"	"58,962"	"3,047"	4.9	Mar-15
160	2	"62,085"	"59,271"	"2,814"	4.5	Apr-15
161	2	"61,933"	"59,108"	"2,825"	4.6	May-15
162	2	"62,922"	"59,806"	"3,116"	5	Jun-15
163	2	"63,706"	"60,650"	"3,056"	4.8	Jul-15
164	2	"62,796"	"59,758"	"3,038"	4.8	Aug-15
165	2	"62,589"	"59,635"	"2,954"	4.7	Sep-15
166	2	"63,107"	"60,276"	"2,831"	4.5	Oct-15
167	2	"63,096"	"60,353"	"2,743"	4.3	Nov-15
168	2	"63,072"	"60,472"	"2,600"	4.1	Dec-15
169	2	"63,099"	"60,290"	"2,809"	4.5	Jan-16
170	2	"63,780"	"60,778"	"3,002"	4.7	Feb-16
171	2	"63,611"	"60,945"	"2,666"	4.2	Mar-16
172	2	"63,682"	"61,320"	"2,362"	3.7	Apr-16
173	2	"63,277"	"60,931"	"2,346"	3.7	May-16
174	2	"64,273"	"61,258"	"3,015"	4.7	Jun-16
175	2	"64,563"	"61,673"	"2,890"	4.5	Jul-16
176	2	"63,615"	"60,692"	"2,923"	4.6	Aug-16
177	2	"63,612"	"60,783"	"2,829"	4.4	Sep-16
178	2	"64,169"	"61,523"	"2,646"	4.1	Oct-16
179	2	"64,133"	"61,655"	"2,478"	3.9	Nov-16
180	2	"63,908"	"61,522"	"2,386"	3.7	Dec-16
181	2	"64,474"	"61,883"	"2,591"	4	Jan-17
182	2	"65,108"	"62,149"	"2,959"	4.5	Feb-17
183	2	"64,698"	"62,055"	"2,643"	4.1	Mar-17
184	2	"64,858"	"62,367"	"2,491"	3.8	Apr-17
185	2	"65,254"	"62,728"	"2,526"	3.9	May-17
186	2	"65,855"	"62,815"	"3,040"	4.6	Jun-17
1	3	"48,715"	"47,846"	869	1.8	Jan-02
2	3	"49,105"	"48,208"	897	1.8	Feb-02
3	3	"49,180"	"48,362"	818	1.7	Mar-02
4	3	"49,378"	"48,634"	744	1.5	Apr-02
5	3	"48,918"	"48,121"	798	1.6	May-02
6	3	"49,610"	"48,687"	923	1.9	Jun-02
7	3	"50,618"	"49,732 "	886	1.8	Jul-02
8	3	"49,608"	"48,761 "	847	1.7	Aug-02
9	3	"49,046"	"48,267 "	779	1.6	Sep-02
10	3	"48,733"	"47,964"	769	1.6	Oct-02
11	3	"48,593"	"47,783"	810	1.7	Nov-02
12	3	"48,577"	"47,745"	832	1.7	Dec-02
13	3	"48,455"	"47,613"	842	1.7	Jan-03
14	3	"48,975"	"48,056"	919	1.9	Feb-03
15	3	"49,249"	"48,431"	819	1.7	Mar-03
16	3	"49,292"	"48,446"	846	1.7	Apr-03
17	3	"49,103"	"48,330"	773	1.6	May-03
18	3	"50,025"	"49,008"	"1,018"	2	Jun-03
19	3	"50,692"	"49,764 "	927	1.8	Jul-03
20	3	"49,673"	"48,693 "	980	2	Aug-03
21	3	"49,134"	"48,384 "	750	1.5	Sep-03
22	3	"49,513"	"48,620"	893	1.8	Oct-03
23	3	"49,224"	"48,364"	859	1.7	Nov-03
24	3	"48,726"	"47,919"	806	1.7	Dec-03
25	3	"48,964"	"48,081"	882	1.8	Jan-04
26	3	"49,593"	"48,707"	886	1.8	Feb-04
27	3	"49,529"	"48,568"	961	1.9	Mar-04
28	3	"49,589"	"48,725"	864	1.7	Apr-04
29	3	"49,201"	"48,313"	888	1.8	May-04
30	3	"49,965"	"48,969"	997	2	Jun-04
31	3	"50,728"	"49,641 "	"1,088"	2.1	Jul-04
32	3	"50,459"	"49,534 "	925	1.8	Aug-04
33	3	"50,029"	"49,115 "	914	1.8	Sep-04
34	3	"50,315"	"49,364"	952	1.9	Oct-04
35	3	"50,306"	"49,335"	971	1.9	Nov-04
36	3	"50,463"	"49,467"	996	2	Dec-04
37	3	"50,540"	"49,655"	886	1.8	Jan-05
38	3	"51,132"	"50,161"	971	1.9	Feb-05
39	3	"51,203"	"50,310"	894	1.7	Mar-05
40	3	"51,427"	"50,627"	801	1.6	Apr-05
41	3	"51,002"	"50,105"	897	1.8	May-05
42	3	"51,804"	"50,909"	896	1.7	Jun-05
43	3	"52,955"	"52,124 "	831	1.6	Jul-05
44	3	"52,383"	"51,588 "	794	1.5	Aug-05
45	3	"51,637"	"50,877 "	760	1.5	Sep-05
46	3	"51,609"	"50,851"	758	1.5	Oct-05
47	3	"51,389"	"50,619"	769	1.5	Nov-05
48	3	"51,571"	"50,811"	761	1.5	Dec-05
49	3	"51,337"	"50,614"	723	1.4	Jan-06
50	3	"51,768"	"51,023"	744	1.4	Feb-06
51	3	"51,674"	"50,952"	722	1.4	Mar-06
52	3	"51,510"	"50,820"	690	1.3	Apr-06
53	3	"51,825"	"51,077"	748	1.4	May-06
54	3	"53,033"	"52,256"	777	1.5	Jun-06
55	3	"53,546"	"52,705 "	841	1.6	Jul-06
56	3	"52,762"	"51,978 "	784	1.5	Aug-06
57	3	"52,145"	"51,401 "	744	1.4	Sep-06
58	3	"52,930"	"52,245"	686	1.3	Oct-06
59	3	"52,732"	"52,025"	707	1.3	Nov-06
60	3	"52,844"	"52,100"	744	1.4	Dec-06
61	3	"52,061"	"51,294"	767	1.5	Jan-07
62	3	"52,614"	"51,899"	715	1.4	Feb-07
63	3	"52,782"	"52,106"	676	1.3	Mar-07
64	3	"52,838"	"52,196"	642	1.2	Apr-07
65	3	"52,634"	"51,954"	680	1.3	May-07
66	3	"52,907"	"52,153"	754	1.4	Jun-07
67	3	"53,868"	"53,092 "	776	1.4	Jul-07
68	3	"53,225"	"52,504 "	721	1.4	Aug-07
69	3	"53,005"	"52,259 "	746	1.4	Sep-07
70	3	"53,333"	"52,644"	689	1.3	Oct-07
71	3	"53,577"	"52,849"	728	1.4	Nov-07
72	3	"53,381"	"52,658"	723	1.4	Dec-07
73	3	"53,165"	"52,338"	828	1.6	Jan-08
74	3	"53,589"	"52,873"	716	1.3	Feb-08
75	3	"53,826"	"53,029"	797	1.5	Mar-08
76	3	"53,997"	"53,338"	659	1.2	Apr-08
77	3	"53,782"	"52,960"	822	1.5	May-08
78	3	"54,233"	"53,349"	884	1.6	Jun-08
79	3	"55,301"	"54,351 "	951	1.7	Jul-08
80	3	"54,797"	"53,862 "	935	1.7	Aug-08
81	3	"53,991"	"53,054 "	937	1.7	Sep-08
82	3	"53,543"	"52,587"	957	1.8	Oct-08
83	3	"53,219"	"52,185"	"1,033"	1.9	Nov-08
84	3	"52,887"	"51,806"	"1,081"	2	Dec-08
85	3	"52,807"	"51,641"	"1,166"	2.2	Jan-09
86	3	"52,947"	"51,733"	"1,214"	2.3	Feb-09
87	3	"52,458"	"51,310"	"1,148"	2.2	Mar-09
88	3	"52,235"	"51,132"	"1,103"	2.1	Apr-09
89	3	"52,308"	"51,027"	"1,281"	2.4	May-09
90	3	"52,993"	"51,591"	"1,403"	2.6	Jun-09
91	3	"54,072"	"52,756 "	"1,316"	2.4	Jul-09
92	3	"52,888"	"51,514 "	"1,375"	2.6	Aug-09
93	3	"52,263"	"50,861 "	"1,403"	2.7	Sep-09
94	3	"52,419"	"50,970"	"1,449"	2.8	Oct-09
95	3	"52,726"	"51,336"	"1,390"	2.6	Nov-09
96	3	"52,682"	"51,265"	"1,418"	2.7	Dec-09
97	3	"46,549"	"44,824"	"1,725"	3.7	Jan-10
98	3	"46,759"	"45,079"	"1,680"	3.6	Feb-10
99	3	"47,027"	"45,400"	"1,627"	3.5	Mar-10
100	3	"47,557"	"46,064"	"1,493"	3.1	Apr-10
101	3	"47,791"	"46,250"	"1,541"	3.2	May-10
102	3	"48,437"	"46,761"	"1,676"	3.5	Jun-10
103	3	"48,939"	"47,261 "	"1,678"	3.4	Jul-10
104	3	"47,569"	"45,952 "	"1,617"	3.4	Aug-10
105	3	"47,399"	"45,788 "	"1,611"	3.4	Sep-10
106	3	"47,509"	"45,895"	"1,614"	3.4	Oct-10
107	3	"47,563"	"45,937"	"1,626"	3.4	Nov-10
108	3	"47,535"	"45,936"	"1,599"	3.4	Dec-10
109	3	"47,694"	"45,969"	"1,725"	3.6	Jan-11
110	3	"48,075"	"46,326"	"1,749"	3.6	Feb-11
111	3	"47,842"	"46,105"	"1,737"	3.6	Mar-11
112	3	"47,855"	"46,182"	"1,673"	3.5	Apr-11
113	3	"47,455"	"45,701"	"1,754"	3.7	May-11
114	3	"48,113"	"46,199"	"1,914"	4	Jun-11
115	3	"48,754"	"46,844 "	"1,910"	3.9	Jul-11
116	3	"47,957"	"46,120 "	"1,837"	3.8	Aug-11
117	3	"47,813"	"46,005 "	"1,808"	3.8	Sep-11
118	3	"47,814"	"46,046"	"1,768"	3.7	
119	3	"47,925"	"46,187"	"1,738"	3.6	Nov-11
120	3	"48,082"	"46,388"	"1,694"	3.5	Dec-11
121	3	"48,281"	"46,508"	"1,773"	3.7	Jan-12
122	3	"48,875"	"47,116"	"1,759"	3.6	Feb-12
123	3	"49,094"	"47,427"	"1,667"	3.4	Mar-12
124	3	"49,357"	"47,824"	"1,533"	3.1	Apr-12
125	3	"49,698"	"48,150"	"1,548"	3.1	May-12
126	3	"50,683"	"49,003"	"1,680"	3.3	Jun-12
127	3	"51,301"	"49,628 "	"1,673"	3.3	Jul-12
128	3	"50,706"	"49,056 "	"1,650"	3.3	Aug-12
129	3	"50,792"	"49,157 "	"1,635"	3.2	Sep-12
130	3	"51,433"	"49,812"	"1,621"	3.2	Oct-12
131	3	"51,594"	"49,985"	"1,609"	3.1	Nov-12
132	3	"51,571"	"49,971"	"1,600"	3.1	Dec-12
133	3	"52,871"	"49,766"	"3,105"	5.9	Jan-13
134	3	"53,091"	"50,105"	"2,986"	5.6	Feb-13
135	3	"52,823"	"50,017"	"2,806"	5.3	Mar-13
136	3	"52,879"	"50,263"	"2,616"	4.9	Apr-13
137	3	"52,822"	"50,006"	"2,816"	5.3	May-13
138	3	"53,452"	"50,311"	"3,141"	5.9	Jun-13
139	3	"53,697"	"50,747"	"2,950"	5.5	Jul-13
140	3	"52,612"	"49,778"	"2,834"	5.4	Aug-13
141	3	"52,428"	"49,606"	"2,822"	5.4	Sep-13
142	3	"52,544"	"49,779"	"2,765"	5.3	Oct-13
143	3	"52,659"	"50,212"	"2,447"	4.6	Nov-13
144	3	"52,551"	"50,262"	"2,289"	4.4	Dec-13
145	3	"52,458"	"49,866"	"2,592"	4.9	Jan-14
146	3	"52,870"	"50,150"	"2,720"	5.1	Feb-14
147	3	"52,709"	"50,149"	"2,560"	4.9	Mar-14
148	3	"52,674"	"50,457"	"2,217"	4.2	Apr-14
149	3	"52,939"	"50,522"	"2,417"	4.6	May-14
150	3	"53,885"	"51,199"	"2,686"	5	Jun-14
151	3	"54,367"	"51,724"	"2,643"	4.9	Jul-14
152	3	"53,761"	"50,996"	"2,765"	5.1	Aug-14
153	3	"54,040"	"51,307"	"2,733"	5.1	Sep-14
154	3	"54,466"	"51,847"	"2,619"	4.8	Oct-14
155	3	"54,345"	"51,874"	"2,471"	4.5	Nov-14
156	3	"54,232"	"51,797"	"2,435"	4.5	Dec-14
157	3	"54,578"	"51,843"	"2,735"	5	Jan-15
158	3	"54,910"	"52,145"	"2,765"	5	Feb-15
159	3	"54,665"	"52,133"	"2,532"	4.6	Mar-15
160	3	"54,704"	"52,407"	"2,297"	4.2	Apr-15
161	3	"54,632"	"52,262"	"2,370"	4.3	May-15
162	3	"55,499"	"52,880"	"2,619"	4.7	Jun-15
163	3	"56,087"	"53,626"	"2,461"	4.4	Jul-15
164	3	"55,349"	"52,837"	"2,512"	4.5	Aug-15
165	3	"55,191"	"52,729"	"2,462"	4.5	Sep-15
166	3	"55,635"	"53,295"	"2,340"	4.2	Oct-15
167	3	"55,631"	"53,364"	"2,267"	4.1	Nov-15
168	3	"55,598"	"53,469"	"2,129"	3.8	Dec-15
169	3	"55,650"	"53,307"	"2,343"	4.2	Jan-16
170	3	"56,213"	"53,739"	"2,474"	4.4	Feb-16
171	3	"56,091"	"53,887"	"2,204"	3.9	Mar-16
172	3	"56,143"	"54,219"	"1,924"	3.4	Apr-16
173	3	"55,780"	"53,875"	"1,905"	3.4	May-16
174	3	"56,554"	"54,163"	"2,391"	4.2	Jun-16
175	3	"56,802"	"54,531"	"2,271"	4	Jul-16
176	3	"56,051"	"53,663"	"2,388"	4.3	Aug-16
177	3	"56,093"	"53,743"	"2,350"	4.2	Sep-16
178	3	"56,569"	"54,398"	"2,171"	3.8	Oct-16
179	3	"56,588"	"54,515"	"2,073"	3.7	Nov-16
180	3	"56,325"	"54,397"	"1,928"	3.4	Dec-16
181	3	"56,942"	"54,716"	"2,226"	3.9	Jan-17
182	3	"57,373"	"54,951"	"2,422"	4.2	Feb-17
183	3	"57,019"	"54,869"	"2,150"	3.8	Mar-17
184	3	"57,149"	"55,144"	"2,005"	3.5	Apr-17
185	3	"57,574"	"55,463"	"2,111"	3.7	May-17
186	3	"58,007"	"55,540"	"2,467"	4.3	Jun-17
1	4	"39,203"	"36,961"	"2,243"	5.7	Jan-02
2	4	"39,556"	"37,240"	"2,316"	5.9	Feb-02
3	4	"39,470"	"37,359"	"2,111"	5.3	Mar-02
4	4	"39,489"	"37,569"	"1,920"	4.9	Apr-02
5	4	"39,232"	"37,173"	"2,059"	5.2	May-02
6	4	"39,994"	"37,610"	"2,384"	6	Jun-02
7	4	"40,705"	"38,417 "	"2,288"	5.6	Jul-02
8	4	"39,854"	"37,667 "	"2,187"	5.5	Aug-02
9	4	"39,296"	"37,286 "	"2,010"	5.1	Sep-02
10	4	"39,037"	"37,052"	"1,986"	5.1	Oct-02
11	4	"39,002"	"36,912"	"2,090"	5.4	Nov-02
12	4	"39,031"	"36,883"	"2,149"	5.5	Dec-02
13	4	"38,954"	"36,781"	"2,173"	5.6	Jan-03
14	4	"39,495"	"37,123"	"2,372"	6	Feb-03
15	4	"39,526"	"37,412"	"2,114"	5.3	Mar-03
16	4	"39,608"	"37,424"	"2,183"	5.5	Apr-03
17	4	"39,329"	"37,335"	"1,995"	5.1	May-03
18	4	"40,485"	"37,858"	"2,627"	6.5	Jun-03
19	4	"40,836"	"38,443 "	"2,394"	5.9	Jul-03
20	4	"40,145"	"37,615 "	"2,530"	6.3	Aug-03
21	4	"39,311"	"37,377 "	"1,935"	4.9	Sep-03
22	4	"39,863"	"37,558"	"2,305"	5.8	Oct-03
23	4	"39,580"	"37,361"	"2,219"	5.6	Nov-03
24	4	"39,099"	"37,017"	"2,081"	5.3	Dec-03
25	4	"39,420"	"37,142"	"2,278"	5.8	Jan-04
26	4	"39,913"	"37,625"	"2,287"	5.7	Feb-04
27	4	"39,999"	"37,519"	"2,481"	6.2	Mar-04
28	4	"39,870"	"37,640"	"2,230"	5.6	Apr-04
29	4	"39,614"	"37,321"	"2,292"	5.8	May-04
30	4	"40,401"	"37,828"	"2,573"	6.4	Jun-04
31	4	"41,155"	"38,347 "	"2,807"	6.8	Jul-04
32	4	"40,651"	"38,265 "	"2,387"	5.9	Aug-04
33	4	"40,300"	"37,941 "	"2,359"	5.9	Sep-04
34	4	"40,590"	"38,133"	"2,457"	6.1	Oct-04
35	4	"40,618"	"38,111"	"2,507"	6.2	Nov-04
36	4	"40,785"	"38,213"	"2,572"	6.3	Dec-04
37	4	"40,644"	"38,358"	"2,286"	5.6	Jan-05
38	4	"41,257"	"38,749"	"2,508"	6.1	Feb-05
39	4	"41,171"	"38,864"	"2,307"	5.6	Mar-05
40	4	"41,175"	"39,109"	"2,067"	5	Apr-05
41	4	"41,022"	"38,706"	"2,316"	5.6	May-05
42	4	"41,638"	"39,326"	"2,312"	5.6	Jun-05
43	4	"42,410"	"40,265 "	"2,144"	5.1	Jul-05
44	4	"41,902"	"39,852 "	"2,051"	4.9	Aug-05
45	4	"41,265"	"39,302 "	"1,963"	4.8	Sep-05
46	4	"41,239"	"39,282"	"1,957"	4.7	Oct-05
47	4	"41,089"	"39,103"	"1,986"	4.8	Nov-05
48	4	"41,214"	"39,251"	"1,963"	4.8	Dec-05
49	4	"40,965"	"39,099"	"1,867"	4.6	Jan-06
50	4	"41,336"	"39,415"	"1,921"	4.6	Feb-06
51	4	"41,224"	"39,360"	"1,864"	4.5	Mar-06
52	4	"41,040"	"39,258"	"1,782"	4.3	Apr-06
53	4	"41,387"	"39,457"	"1,930"	4.7	May-06
54	4	"42,374"	"40,367"	"2,007"	4.7	Jun-06
55	4	"42,886"	"40,714 "	"2,172"	5.1	Jul-06
56	4	"42,177"	"40,152 "	"2,025"	4.8	Aug-06
57	4	"41,627"	"39,707 "	"1,921"	4.6	Sep-06
58	4	"42,128"	"40,359"	"1,770"	4.2	Oct-06
59	4	"42,015"	"40,189"	"1,826"	4.3	Nov-06
60	4	"42,168"	"40,247"	"1,921"	4.6	Dec-06
61	4	"41,604"	"39,624"	"1,980"	4.8	Jan-07
62	4	"41,938"	"40,092"	"1,846"	4.4	Feb-07
63	4	"41,996"	"40,252"	"1,744"	4.2	Mar-07
64	4	"41,978"	"40,321"	"1,656"	3.9	Apr-07
65	4	"41,889"	"40,134"	"1,755"	4.2	May-07
66	4	"42,233"	"40,288"	"1,945"	4.6	Jun-07
67	4	"43,015"	"41,013 "	"2,002"	4.7	Jul-07
68	4	"42,421"	"40,559 "	"1,861"	4.4	Aug-07
69	4	"42,295"	"40,369 "	"1,926"	4.6	Sep-07
70	4	"42,446"	"40,667"	"1,779"	4.2	Oct-07
71	4	"42,704"	"40,826"	"1,878"	4.4	Nov-07
72	4	"42,543"	"40,678"	"1,865"	4.4	Dec-07
73	4	"42,567"	"40,430"	"2,137"	5	Jan-08
74	4	"42,693"	"40,844"	"1,849"	4.3	Feb-08
75	4	"43,021"	"40,964"	"2,056"	4.8	Mar-08
76	4	"42,904"	"41,203"	"1,700"	4	Apr-08
77	4	"43,033"	"40,911"	"2,122"	4.9	May-08
78	4	"43,494"	"41,212"	"2,283"	5.2	Jun-08
79	4	"44,439"	"41,986 "	"2,454"	5.5	Jul-08
80	4	"44,021"	"41,608 "	"2,414"	5.5	Aug-08
81	4	"43,404"	"40,984 "	"2,420"	5.6	Sep-08
82	4	"43,092"	"40,623"	"2,469"	5.7	Oct-08
83	4	"42,981"	"40,313"	"2,668"	6.2	Nov-08
84	4	"42,810"	"40,020"	"2,790"	6.5	Dec-08
85	4	"42,901"	"39,892"	"3,009"	7	Jan-09
86	4	"43,098"	"39,964"	"3,134"	7.3	Feb-09
87	4	"42,600"	"39,637"	"2,963"	7	Mar-09
88	4	"42,346"	"39,499"	"2,847"	6.7	Apr-09
89	4	"42,726"	"39,418"	"3,308"	7.7	May-09
90	4	"43,474"	"39,854"	"3,621"	8.3	Jun-09
91	4	"44,150"	"40,753 "	"3,396"	7.7	Jul-09
92	4	"43,343"	"39,794 "	"3,549"	8.2	Aug-09
93	4	"42,910"	"39,290 "	"3,620"	8.4	Sep-09
94	4	"43,114"	"39,374"	"3,739"	8.7	Oct-09
95	4	"43,245"	"39,657"	"3,589"	8.3	Nov-09
96	4	"43,261"	"39,601"	"3,660"	8.5	Dec-09
97	4	"42,008"	"37,402"	"4,606"	11	Jan-10
98	4	"42,101"	"37,615"	"4,486"	10.7	Feb-10
99	4	"42,229"	"37,883"	"4,346"	10.3	Mar-10
100	4	"42,425"	"38,437"	"3,988"	9.4	Apr-10
101	4	"42,710"	"38,593"	"4,117"	9.6	May-10
102	4	"43,495"	"39,019"	"4,476"	10.3	Jun-10
103	4	"43,918"	"39,436 "	"4,482"	10.2	Jul-10
104	4	"42,662"	"38,343 "	"4,319"	10.1	Aug-10
105	4	"42,510"	"38,207 "	"4,303"	10.1	Sep-10
106	4	"42,608"	"38,296"	"4,312"	10.1	Oct-10
107	4	"42,675"	"38,331"	"4,344"	10.2	Nov-10
108	4	"42,601"	"38,331"	"4,270"	10	Dec-10
109	4	"42,967"	"38,358"	"4,609"	10.7	Jan-11
110	4	"43,328"	"38,656"	"4,672"	10.8	Feb-11
111	4	"43,110"	"38,471"	"4,639"	10.8	Mar-11
112	4	"43,004"	"38,535"	"4,469"	10.4	Apr-11
113	4	"42,820"	"38,134"	"4,686"	10.9	May-11
114	4	"43,664"	"38,550"	"5,114"	11.7	Jun-11
115	4	"44,191"	"39,088 "	"5,103"	11.5	Jul-11
116	4	"43,392"	"38,484 "	"4,908"	11.3	Aug-11
117	4	"43,219"	"38,388 "	"4,831"	11.2	Sep-11
118	4	"43,146"	"38,423"	"4,723"	10.9	
119	4	"43,184"	"38,540"	"4,644"	10.8	Nov-11
120	4	"43,232"	"38,707"	"4,525"	10.5	Dec-11
121	4	"43,542"	"38,807"	"4,735"	10.9	Jan-12
122	4	"44,012"	"39,314"	"4,698"	10.7	Feb-12
123	4	"44,026"	"39,573"	"4,453"	10.1	Mar-12
124	4	"43,999"	"39,904"	"4,095"	9.3	Apr-12
125	4	"44,312"	"40,176"	"4,136"	9.3	May-12
126	4	"45,376"	"40,888"	"4,488"	9.9	Jun-12
127	4	"45,880"	"41,410 "	"4,470"	9.7	Jul-12
128	4	"45,342"	"40,933 "	"4,409"	9.7	Aug-12
129	4	"45,386"	"41,017 "	"4,369"	9.6	Sep-12
130	4	"45,894"	"41,563"	"4,331"	9.4	Oct-12
131	4	"46,007"	"41,708"	"4,299"	9.3	Nov-12
132	4	"45,972"	"41,696"	"4,276"	9.3	Dec-12
133	4	"45,478"	"41,525"	"3,953"	8.7	Jan-13
134	4	"45,576"	"41,808"	"3,768"	8.3	Feb-13
135	4	"45,380"	"41,734"	"3,646"	8	Mar-13
136	4	"45,298"	"41,940"	"3,358"	7.4	Apr-13
137	4	"45,129"	"41,725"	"3,404"	7.5	May-13
138	4	"45,803"	"41,980"	"3,823"	8.3	Jun-13
139	4	"46,123"	"42,343"	"3,780"	8.2	Jul-13
140	4	"45,250"	"41,535"	"3,715"	8.2	Aug-13
141	4	"45,092"	"41,391"	"3,701"	8.2	Sep-13
142	4	"45,345"	"41,536"	"3,809"	8.4	Oct-13
143	4	"45,336"	"41,897"	"3,439"	7.6	Nov-13
144	4	"45,256"	"41,939"	"3,317"	7.3	Dec-13
145	4	"45,206"	"41,609"	"3,597"	8	Jan-14
146	4	"45,402"	"41,846"	"3,556"	7.8	Feb-14
147	4	"45,215"	"41,845"	"3,370"	7.5	Mar-14
148	4	"45,199"	"42,102"	"3,097"	6.9	Apr-14
149	4	"45,192"	"42,156"	"3,036"	6.7	May-14
150	4	"46,066"	"42,722"	"3,344"	7.3	Jun-14
151	4	"46,533"	"43,160"	"3,373"	7.2	Jul-14
152	4	"45,956"	"42,552"	"3,404"	7.4	Aug-14
153	4	"46,248"	"42,811"	"3,437"	7.4	Sep-14
154	4	"46,584"	"43,262"	"3,322"	7.1	Oct-14
155	4	"46,547"	"43,285"	"3,262"	7	Nov-14
156	4	"46,396"	"43,220"	"3,176"	6.8	Dec-14
157	4	"46,670"	"43,259"	"3,411"	7.3	Jan-15
158	4	"46,891"	"43,511"	"3,380"	7.2	Feb-15
159	4	"46,588"	"43,502"	"3,086"	6.6	Mar-15
160	4	"46,503"	"43,730"	"2,773"	6	Apr-15
161	4	"46,485"	"43,609"	"2,876"	6.2	May-15
162	4	"47,257"	"44,125"	"3,132"	6.6	Jun-15
163	4	"47,729"	"44,747"	"2,982"	6.2	Jul-15
164	4	"47,035"	"44,089"	"2,946"	6.3	Aug-15
165	4	"46,886"	"43,999"	"2,887"	6.2	Sep-15
166	4	"47,343"	"44,471"	"2,872"	6.1	Oct-15
167	4	"47,273"	"44,528"	"2,745"	5.8	Nov-15
168	4	"47,256"	"44,616"	"2,640"	5.6	Dec-15
169	4	"47,307"	"44,481"	"2,826"	6	Jan-16
170	4	"47,629"	"44,842"	"2,787"	5.9	Feb-16
171	4	"47,525"	"44,965"	"2,560"	5.4	Mar-16
172	4	"47,541"	"45,242"	"2,299"	4.8	Apr-16
173	4	"47,278"	"44,955"	"2,323"	4.9	May-16
174	4	"47,965"	"45,196"	"2,769"	5.8	Jun-16
175	4	"48,219"	"45,502"	"2,717"	5.6	Jul-16
176	4	"47,492"	"44,779"	"2,713"	5.7	Aug-16
177	4	"47,532"	"44,845"	"2,687"	5.7	Sep-16
178	4	"48,013"	"45,392"	"2,621"	5.5	Oct-16
179	4	"47,952"	"45,489"	"2,463"	5.1	Nov-16
180	4	"47,718"	"45,391"	"2,327"	4.9	Dec-16
181	4	"48,326"	"45,657"	"2,669"	5.5	Jan-17
182	4	"48,546"	"45,853"	"2,693"	5.5	Feb-17
183	4	"48,215"	"45,784"	"2,431"	5	Mar-17
184	4	"48,303"	"46,014"	"2,289"	4.7	Apr-17
185	4	"48,618"	"46,280"	"2,338"	4.8	May-17
186	4	"49,128"	"46,345"	"2,783"	5.7	Jun-17
1	5	"32,149"	"29,040"	"3,109"	9.7	Jan-02
2	5	"32,470"	"29,259"	"3,211"	9.9	Feb-02
3	5	"32,280"	"29,353"	"2,927"	9.1	Mar-02
4	5	"32,180"	"29,518"	"2,662"	8.3	Apr-02
5	5	"32,061"	"29,207"	"2,855"	8.9	May-02
6	5	"32,855"	"29,550"	"3,305"	10.1	Jun-02
7	5	"33,356"	"30,184 "	"3,172"	9.5	Jul-02
8	5	"32,627"	"29,595 "	"3,032"	9.3	Aug-02
9	5	"32,082"	"29,295 "	"2,787"	8.7	Sep-02
10	5	"31,864"	"29,111"	"2,753"	8.6	Oct-02
11	5	"31,899"	"29,001"	"2,897"	9.1	Nov-02
12	5	"31,957"	"28,978"	"2,979"	9.3	Dec-02
13	5	"31,912"	"28,898"	"3,013"	9.4	Jan-03
14	5	"32,456"	"29,167"	"3,289"	10.1	Feb-03
15	5	"32,325"	"29,394"	"2,931"	9.1	Mar-03
16	5	"32,431"	"29,404"	"3,027"	9.3	Apr-03
17	5	"32,099"	"29,333"	"2,766"	8.6	May-03
18	5	"33,387"	"29,745"	"3,642"	10.9	Jun-03
19	5	"33,523"	"30,204 "	"3,319"	9.9	Jul-03
20	5	"33,062"	"29,554 "	"3,508"	10.6	Aug-03
21	5	"32,049"	"29,366 "	"2,683"	8.4	Sep-03
22	5	"32,705"	"29,509"	"3,196"	9.8	Oct-03
23	5	"32,430"	"29,354"	"3,076"	9.5	Nov-03
24	5	"31,970"	"29,084"	"2,886"	9	Dec-03
25	5	"32,341"	"29,183"	"3,158"	9.8	Jan-04
26	5	"32,733"	"29,562"	"3,171"	9.7	Feb-04
27	5	"32,918"	"29,478"	"3,440"	10.4	Mar-04
28	5	"32,666"	"29,573"	"3,093"	9.5	Apr-04
29	5	"32,501"	"29,323"	"3,178"	9.8	May-04
30	5	"33,289"	"29,721"	"3,568"	10.7	Jun-04
31	5	"34,022"	"30,129 "	"3,892"	11.4	Jul-04
32	5	"33,373"	"30,064 "	"3,309"	9.9	Aug-04
33	5	"33,081"	"29,810 "	"3,271"	9.9	Sep-04
34	5	"33,368"	"29,961"	"3,407"	10.2	Oct-04
35	5	"33,420"	"29,943"	"3,476"	10.4	Nov-04
36	5	"33,589"	"30,024"	"3,566"	10.6	Dec-04
37	5	"33,307"	"30,137"	"3,170"	9.5	Jan-05
38	5	"33,922"	"30,445"	"3,477"	10.3	Feb-05
39	5	"33,733"	"30,535"	"3,198"	9.5	Mar-05
40	5	"33,593"	"30,728"	"2,865"	8.5	Apr-05
41	5	"33,622"	"30,411"	"3,211"	9.6	May-05
42	5	"34,104"	"30,898"	"3,205"	9.4	Jun-05
43	5	"34,609"	"31,636 "	"2,973"	8.6	Jul-05
44	5	"34,154"	"31,311 "	"2,843"	8.3	Aug-05
45	5	"33,601"	"30,879 "	"2,722"	8.1	Sep-05
46	5	"33,577"	"30,864"	"2,714"	8.1	Oct-05
47	5	"33,476"	"30,723"	"2,754"	8.2	Nov-05
48	5	"33,562"	"30,839"	"2,722"	8.1	Dec-05
49	5	"33,308"	"30,719"	"2,588"	7.8	Jan-06
50	5	"33,632"	"30,968"	"2,664"	7.9	Feb-06
51	5	"33,509"	"30,925"	"2,584"	7.7	Mar-06
52	5	"33,316"	"30,845"	"2,471"	7.4	Apr-06
53	5	"33,677"	"31,001"	"2,676"	7.9	May-06
54	5	"34,499"	"31,716"	"2,783"	8.1	Jun-06
55	5	"35,000"	"31,989 "	"3,011"	8.6	Jul-06
56	5	"34,355"	"31,547 "	"2,807"	8.2	Aug-06
57	5	"33,860"	"31,197 "	"2,663"	7.9	Sep-06
58	5	"34,163"	"31,709"	"2,454"	7.2	Oct-06
59	5	"34,108"	"31,576"	"2,532"	7.4	Nov-06
60	5	"34,285"	"31,622"	"2,664"	7.8	Dec-06
61	5	"33,878"	"31,132"	"2,746"	8.1	Jan-07
62	5	"34,059"	"31,500"	"2,560"	7.5	Feb-07
63	5	"34,044"	"31,625"	"2,419"	7.1	Mar-07
64	5	"33,977"	"31,680"	"2,297"	6.8	Apr-07
65	5	"33,966"	"31,533"	"2,433"	7.2	May-07
66	5	"34,351"	"31,654"	"2,697"	7.9	Jun-07
67	5	"35,000"	"32,224 "	"2,776"	7.9	Jul-07
68	5	"34,448"	"31,867 "	"2,581"	7.5	Aug-07
69	5	"34,388"	"31,718 "	"2,670"	7.8	Sep-07
70	5	"34,418"	"31,952"	"2,466"	7.2	Oct-07
71	5	"34,681"	"32,076"	"2,604"	7.5	Nov-07
72	5	"34,547"	"31,960"	"2,586"	7.5	Dec-07
73	5	"34,729"	"31,766"	"2,963"	8.5	Jan-08
74	5	"34,654"	"32,091"	"2,564"	7.4	Feb-08
75	5	"35,037"	"32,185"	"2,851"	8.1	Mar-08
76	5	"34,731"	"32,373"	"2,357"	6.8	Apr-08
77	5	"35,086"	"32,144"	"2,942"	8.4	May-08
78	5	"35,545"	"32,380"	"3,165"	8.9	Jun-08
79	5	"36,390"	"32,988 "	"3,402"	9.3	Jul-08
80	5	"36,037"	"32,691 "	"3,347"	9.3	Aug-08
81	5	"35,556"	"32,201 "	"3,355"	9.4	Sep-08
82	5	"35,341"	"31,917"	"3,424"	9.7	Oct-08
83	5	"35,373"	"31,673"	"3,699"	10.5	Nov-08
84	5	"35,312"	"31,443"	"3,869"	11	Dec-08
85	5	"35,515"	"31,343"	"4,172"	11.7	Jan-09
86	5	"35,744"	"31,399"	"4,345"	12.2	Feb-09
87	5	"35,251"	"31,142"	"4,108"	11.7	Mar-09
88	5	"34,982"	"31,034"	"3,948"	11.3	Apr-09
89	5	"35,557"	"30,970"	"4,586"	12.9	May-09
90	5	"36,333"	"31,313"	"5,020"	13.8	Jun-09
91	5	"36,729"	"32,020 "	"4,709"	12.8	Jul-09
92	5	"36,187"	"31,266 "	"4,921"	13.6	Aug-09
93	5	"35,890"	"30,870 "	"5,020"	14	Sep-09
94	5	"36,121"	"30,936"	"5,185"	14.4	Oct-09
95	5	"36,134"	"31,158"	"4,976"	13.8	Nov-09
96	5	"36,189"	"31,115"	"5,074"	14	Dec-09
97	5	"38,806"	"32,758"	"6,048"	15.6	Jan-10
98	5	"38,835"	"32,945"	"5,890"	15.2	Feb-10
99	5	"38,885"	"33,179"	"5,706"	14.7	Mar-10
100	5	"38,901"	"33,665"	"5,236"	13.5	Apr-10
101	5	"39,207"	"33,801"	"5,406"	13.8	May-10
102	5	"40,051"	"34,174"	"5,877"	14.7	Jun-10
103	5	"40,424"	"34,539 "	"5,885"	14.6	Jul-10
104	5	"39,253"	"33,582 "	"5,671"	14.4	Aug-10
105	5	"39,112"	"33,462 "	"5,650"	14.4	Sep-10
106	5	"39,202"	"33,541"	"5,661"	14.4	Oct-10
107	5	"39,276"	"33,572"	"5,704"	14.5	Nov-10
108	5	"39,178"	"33,571"	"5,607"	14.3	Dec-10
109	5	"39,648"	"33,595"	"6,053"	15.3	Jan-11
110	5	"39,992"	"33,856"	"6,136"	15.3	Feb-11
111	5	"39,786"	"33,694"	"6,092"	15.3	Mar-11
112	5	"39,620"	"33,751"	"5,869"	14.8	Apr-11
113	5	"39,552"	"33,399"	"6,153"	15.6	May-11
114	5	"40,479"	"33,763"	"6,716"	16.6	Jun-11
115	5	"40,936"	"34,235 "	"6,701"	16.4	Jul-11
116	5	"40,151"	"33,705 "	"6,446"	16.1	Aug-11
117	5	"39,966"	"33,622 "	"6,344"	15.9	Sep-11
118	5	"39,855"	"33,652"	"6,203"	15.6	
119	5	"39,854"	"33,755"	"6,099"	15.3	Nov-11
120	5	"39,844"	"33,901"	"5,943"	14.9	Dec-11
121	5	"40,208"	"33,989"	"6,219"	15.5	Jan-12
122	5	"40,603"	"34,433"	"6,170"	15.2	Feb-12
123	5	"40,508"	"34,660"	"5,848"	14.4	Mar-12
124	5	"40,327"	"34,950"	"5,377"	13.3	Apr-12
125	5	"40,621"	"35,189"	"5,432"	13.4	May-12
126	5	"41,705"	"35,812"	"5,893"	14.1	Jun-12
127	5	"42,139"	"36,269 "	"5,870"	13.9	Jul-12
128	5	"41,641"	"35,851 "	"5,790"	13.9	Aug-12
129	5	"41,662"	"35,925 "	"5,737"	13.8	Sep-12
130	5	"42,091"	"36,403"	"5,688"	13.5	Oct-12
131	5	"42,176"	"36,530"	"5,646"	13.4	Nov-12
132	5	"42,135"	"36,520"	"5,615"	13.3	Dec-12
133	5	"40,945"	"36,369"	"4,576"	11.2	Jan-13
134	5	"41,218"	"36,617"	"4,601"	11.2	Feb-13
135	5	"40,968"	"36,552"	"4,416"	10.8	Mar-13
136	5	"40,870"	"36,733"	"4,137"	10.1	Apr-13
137	5	"40,735"	"36,545"	"4,190"	10.3	May-13
138	5	"41,354"	"36,768"	"4,586"	11.1	Jun-13
139	5	"41,767"	"37,086"	"4,681"	11.2	Jul-13
140	5	"41,005"	"36,378"	"4,627"	11.3	Aug-13
141	5	"40,832"	"36,252"	"4,580"	11.2	Sep-13
142	5	"40,999"	"36,379"	"4,620"	11.3	Oct-13
143	5	"40,911"	"36,696"	"4,215"	10.3	Nov-13
144	5	"40,719"	"36,732"	"3,987"	9.8	Dec-13
145	5	"40,619"	"36,443"	"4,176"	10.3	Jan-14
146	5	"40,932"	"36,651"	"4,281"	10.5	Feb-14
147	5	"40,662"	"36,650"	"4,012"	9.9	Mar-14
148	5	"40,667"	"36,875"	"3,792"	9.3	Apr-14
149	5	"40,667"	"36,922"	"3,745"	9.2	May-14
150	5	"41,612"	"37,418"	"4,194"	10.1	Jun-14
151	5	"42,205"	"37,801"	"4,404"	10.4	Jul-14
152	5	"41,563"	"37,269"	"4,294"	10.3	Aug-14
153	5	"41,694"	"37,496"	"4,198"	10.1	Sep-14
154	5	"41,993"	"37,891"	"4,102"	9.8	Oct-14
155	5	"41,884"	"37,911"	"3,973"	9.5	Nov-14
156	5	"41,706"	"37,855"	"3,851"	9.2	Dec-14
157	5	"41,928"	"37,888"	"4,040"	9.6	Jan-15
158	5	"42,199"	"38,109"	"4,090"	9.7	Feb-15
159	5	"41,868"	"38,100"	"3,768"	9	Mar-15
160	5	"41,773"	"38,300"	"3,473"	8.3	Apr-15
161	5	"41,577"	"38,194"	"3,383"	8.1	May-15
162	5	"42,327"	"38,645"	"3,682"	8.7	Jun-15
163	5	"43,060"	"39,191"	"3,869"	9	Jul-15
164	5	"42,375"	"38,614"	"3,761"	8.9	Aug-15
165	5	"42,119"	"38,535"	"3,584"	8.5	Sep-15
166	5	"42,441"	"38,949"	"3,492"	8.2	Oct-15
167	5	"42,468"	"38,999"	"3,469"	8.2	Nov-15
168	5	"42,368"	"39,076"	"3,292"	7.8	Dec-15
169	5	"42,457"	"38,958"	"3,499"	8.2	Jan-16
170	5	"42,695"	"39,274"	"3,421"	8	Feb-16
171	5	"42,581"	"39,381"	"3,200"	7.5	Mar-16
172	5	"42,473"	"39,624"	"2,849"	6.7	Apr-16
173	5	"42,188"	"39,373"	"2,815"	6.7	May-16
174	5	"42,901"	"39,584"	"3,317"	7.7	Jun-16
175	5	"43,253"	"39,852"	"3,401"	7.9	Jul-16
176	5	"42,605"	"39,218"	"3,387"	7.9	Aug-16
177	5	"42,464"	"39,277"	"3,187"	7.5	Sep-16
178	5	"42,886"	"39,755"	"3,131"	7.3	Oct-16
179	5	"42,889"	"39,840"	"3,049"	7.1	Nov-16
180	5	"42,631"	"39,755"	"2,876"	6.7	Dec-16
181	5	"42,956"	"39,988"	"2,968"	6.9	Jan-17
182	5	"43,205"	"40,159"	"3,046"	7.1	Feb-17
183	5	"42,916"	"40,099"	"2,817"	6.6	Mar-17
184	5	"43,054"	"40,301"	"2,753"	6.4	Apr-17
185	5	"43,339"	"40,534"	"2,805"	6.5	May-17
186	5	"43,908"	"40,590"	"3,318"	7.6	Jun-17
1	6	"38,403"	"35,683"	"2,720"	7.1	Jan-02
2	6	"38,762"	"35,953"	"2,809"	7.2	Feb-02
3	6	"38,628"	"36,068"	"2,560"	6.6	Mar-02
4	6	"38,600"	"36,271"	"2,329"	6	Apr-02
5	6	"38,385"	"35,888"	"2,497"	6.5	May-02
6	6	"39,202"	"36,310"	"2,891"	7.4	Jun-02
7	6	"39,864"	"37,089 "	"2,775"	7	Jul-02
8	6	"39,018"	"36,366 "	"2,652"	6.8	Aug-02
9	6	"38,435"	"35,997 "	"2,438"	6.3	Sep-02
10	6	"38,180"	"35,771"	"2,409"	6.3	Oct-02
11	6	"38,171"	"35,636"	"2,535"	6.6	Nov-02
12	6	"38,214"	"35,608"	"2,606"	6.8	Dec-02
13	6	"38,146"	"35,510"	"2,636"	6.9	Jan-03
14	6	"38,717"	"35,840"	"2,877"	7.4	Feb-03
15	6	"38,683"	"36,119"	"2,564"	6.6	Mar-03
16	6	"38,779"	"36,131"	"2,648"	6.8	Apr-03
17	6	"38,464"	"36,044"	"2,419"	6.3	May-03
18	6	"39,736"	"36,550"	"3,186"	8	Jun-03
19	6	"40,017"	"37,114 "	"2,903"	7.3	Jul-03
20	6	"39,384"	"36,315 "	"3,069"	7.8	Aug-03
21	6	"38,432"	"36,085 "	"2,347"	6.1	Sep-03
22	6	"39,056"	"36,260"	"2,796"	7.2	Oct-03
23	6	"38,761"	"36,070"	"2,691"	6.9	Nov-03
24	6	"38,262"	"35,738"	"2,524"	6.6	Dec-03
25	6	"38,622"	"35,859"	"2,763"	7.2	Jan-04
26	6	"39,099"	"36,325"	"2,774"	7.1	Feb-04
27	6	"39,231"	"36,222"	"3,009"	7.7	Mar-04
28	6	"39,044"	"36,339"	"2,705"	6.9	Apr-04
29	6	"38,812"	"36,031"	"2,780"	7.2	May-04
30	6	"39,641"	"36,520"	"3,121"	7.9	Jun-04
31	6	"40,427"	"37,022 "	"3,405"	8.4	Jul-04
32	6	"39,837"	"36,942 "	"2,895"	7.3	Aug-04
33	6	"39,491"	"36,630 "	"2,862"	7.2	Sep-04
34	6	"39,795"	"36,815"	"2,980"	7.5	Oct-04
35	6	"39,835"	"36,794"	"3,041"	7.6	Nov-04
36	6	"40,011"	"36,892"	"3,119"	7.8	Dec-04
37	6	"39,805"	"37,032"	"2,773"	7	Jan-05
38	6	"40,451"	"37,409"	"3,042"	7.5	Feb-05
39	6	"40,318"	"37,521"	"2,798"	6.9	Mar-05
40	6	"40,264"	"37,757"	"2,507"	6.2	Apr-05
41	6	"40,177"	"37,368"	"2,809"	7	May-05
42	6	"40,771"	"37,967"	"2,804"	6.9	Jun-05
43	6	"41,474"	"38,874 "	"2,601"	6.3	Jul-05
44	6	"40,962"	"38,474 "	"2,487"	6.1	Aug-05
45	6	"40,325"	"37,943 "	"2,381"	5.9	Sep-05
46	6	"40,298"	"37,924"	"2,374"	5.9	Oct-05
47	6	"40,160"	"37,751"	"2,409"	6	Nov-05
48	6	"40,276"	"37,894"	"2,382"	5.9	Dec-05
49	6	"40,011"	"37,747"	"2,264"	5.7	Jan-06
50	6	"40,383"	"38,053"	"2,331"	5.8	Feb-06
51	6	"40,260"	"38,000"	"2,261"	5.6	Mar-06
52	6	"40,063"	"37,901"	"2,162"	5.4	Apr-06
53	6	"40,434"	"38,093"	"2,341"	5.8	May-06
54	6	"41,406"	"38,972"	"2,434"	5.9	Jun-06
55	6	"41,941"	"39,307 "	"2,634"	6.3	Jul-06
56	6	"41,221"	"38,765 "	"2,456"	6	Aug-06
57	6	"40,664"	"38,334 "	"2,330"	5.7	Sep-06
58	6	"41,110"	"38,964"	"2,146"	5.2	Oct-06
59	6	"41,015"	"38,800"	"2,215"	5.4	Nov-06
60	6	"41,186"	"38,856"	"2,330"	5.7	Dec-06
61	6	"40,657"	"38,254"	"2,402"	5.9	Jan-07
62	6	"40,945"	"38,706"	"2,239"	5.5	Feb-07
63	6	"40,976"	"38,860"	"2,116"	5.2	Mar-07
64	6	"40,937"	"38,928"	"2,009"	4.9	Apr-07
65	6	"40,875"	"38,747"	"2,128"	5.2	May-07
66	6	"41,255"	"38,895"	"2,359"	5.7	Jun-07
67	6	"42,024"	"39,596 "	"2,429"	5.8	Jul-07
68	6	"41,415"	"39,157 "	"2,258"	5.5	Aug-07
69	6	"41,310"	"38,974 "	"2,336"	5.7	Sep-07
70	6	"41,419"	"39,262"	"2,157"	5.2	Oct-07
71	6	"41,693"	"39,415"	"2,278"	5.5	Nov-07
72	6	"41,534"	"39,272"	"2,262"	5.4	Dec-07
73	6	"41,625"	"39,033"	"2,592"	6.2	Jan-08
74	6	"41,675"	"39,432"	"2,243"	5.4	Feb-08
75	6	"42,043"	"39,549"	"2,494"	5.9	Mar-08
76	6	"41,842"	"39,779"	"2,062"	4.9	Apr-08
77	6	"42,071"	"39,497"	"2,574"	6.1	May-08
78	6	"42,556"	"39,787"	"2,769"	6.5	Jun-08
79	6	"43,511"	"40,534 "	"2,976"	6.8	Jul-08
80	6	"43,097"	"40,170 "	"2,928"	6.8	Aug-08
81	6	"42,502"	"39,567 "	"2,935"	6.9	Sep-08
82	6	"42,214"	"39,219"	"2,995"	7.1	Oct-08
83	6	"42,156"	"38,920"	"3,236"	7.7	Nov-08
84	6	"42,021"	"38,637"	"3,385"	8.1	Dec-08
85	6	"42,163"	"38,513"	"3,650"	8.7	Jan-09
86	6	"42,384"	"38,582"	"3,801"	9	Feb-09
87	6	"41,861"	"38,267"	"3,594"	8.6	Mar-09
88	6	"41,588"	"38,134"	"3,454"	8.3	Apr-09
89	6	"42,068"	"38,056"	"4,012"	9.5	May-09
90	6	"42,868"	"38,476"	"4,392"	10.2	Jun-09
91	6	"43,465"	"39,345 "	"4,120"	9.5	Jul-09
92	6	"42,723"	"38,418 "	"4,305"	10.1	Aug-09
93	6	"42,323"	"37,932 "	"4,391"	10.4	Sep-09
94	6	"42,549"	"38,013"	"4,536"	10.7	Oct-09
95	6	"42,639"	"38,286"	"4,353"	10.2	Nov-09
96	6	"42,672"	"38,233"	"4,439"	10.4	Dec-09
97	6	"47,956"	"44,374"	"3,582"	7.5	Jan-10
98	6	"48,115"	"44,627"	"3,488"	7.2	Feb-10
99	6	"48,323"	"44,944"	"3,379"	7	Mar-10
100	6	"48,703"	"45,602"	"3,101"	6.4	Apr-10
101	6	"48,987"	"45,786"	"3,201"	6.5	May-10
102	6	"49,772"	"46,292"	"3,480"	7	Jun-10
103	6	"50,272"	"46,787 "	"3,485"	6.9	Jul-10
104	6	"48,850"	"45,491 "	"3,359"	6.9	Aug-10
105	6	"48,674"	"45,328 "	"3,346"	6.9	Sep-10
106	6	"48,788"	"45,435"	"3,353"	6.9	Oct-10
107	6	"48,854"	"45,476"	"3,378"	6.9	Nov-10
108	6	"48,796"	"45,476"	"3,320"	6.8	Dec-10
109	6	"49,093"	"45,509"	"3,584"	7.3	Jan-11
110	6	"49,496"	"45,863"	"3,633"	7.3	Feb-11
111	6	"49,250"	"45,643"	"3,607"	7.3	Mar-11
112	6	"49,194"	"45,719"	"3,475"	7.1	Apr-11
113	6	"48,886"	"45,243"	"3,643"	7.5	May-11
114	6	"49,713"	"45,737"	"3,976"	8	Jun-11
115	6	"50,343"	"46,375 "	"3,968"	7.9	Jul-11
116	6	"49,474"	"45,658 "	"3,816"	7.7	Aug-11
117	6	"49,300"	"45,544 "	"3,756"	7.6	Sep-11
118	6	"49,258"	"45,585"	"3,673"	7.5	
119	6	"49,336"	"45,725"	"3,611"	7.3	Nov-11
120	6	"49,442"	"45,923"	"3,519"	7.1	Dec-11
121	6	"49,724"	"46,041"	"3,683"	7.4	Jan-12
122	6	"50,297"	"46,643"	"3,654"	7.3	Feb-12
123	6	"50,413"	"46,950"	"3,463"	6.9	Mar-12
124	6	"50,527"	"47,343"	"3,184"	6.3	Apr-12
125	6	"50,883"	"47,666"	"3,217"	6.3	May-12
126	6	"52,000"	"48,510"	"3,490"	6.7	Jun-12
127	6	"52,606"	"49,130 "	"3,476"	6.6	Jul-12
128	6	"51,992"	"48,563 "	"3,429"	6.6	Aug-12
129	6	"52,061"	"48,664 "	"3,397"	6.5	Sep-12
130	6	"52,679"	"49,311"	"3,368"	6.4	Oct-12
131	6	"52,826"	"49,483"	"3,343"	6.3	Nov-12
132	6	"52,794"	"49,469"	"3,325"	6.3	Dec-12
133	6	"53,667"	"49,267"	"4,400"	8.2	Jan-13
134	6	"53,922"	"49,603"	"4,319"	8	Feb-13
135	6	"53,695"	"49,515"	"4,180"	7.8	Mar-13
136	6	"53,701"	"49,759"	"3,942"	7.3	Apr-13
137	6	"53,340"	"49,505"	"3,835"	7.2	May-13
138	6	"53,852"	"49,807"	"4,045"	7.5	Jun-13
139	6	"54,036"	"50,237"	"3,799"	7	Jul-13
140	6	"53,129"	"49,279"	"3,850"	7.2	Aug-13
141	6	"52,959"	"49,108"	"3,851"	7.3	Sep-13
142	6	"53,310"	"49,280"	"4,030"	7.6	Oct-13
143	6	"53,262"	"49,709"	"3,553"	6.7	Nov-13
144	6	"53,105"	"49,758"	"3,347"	6.3	Dec-13
145	6	"52,866"	"49,366"	"3,500"	6.6	Jan-14
146	6	"53,221"	"49,647"	"3,574"	6.7	Feb-14
147	6	"53,054"	"49,646"	"3,408"	6.4	Mar-14
148	6	"52,910"	"49,951"	"2,959"	5.6	Apr-14
149	6	"53,135"	"50,015"	"3,120"	5.9	May-14
150	6	"54,117"	"50,686"	"3,431"	6.3	Jun-14
151	6	"54,700"	"51,206"	"3,494"	6.4	Jul-14
152	6	"54,112"	"50,485"	"3,627"	6.7	Aug-14
153	6	"54,246"	"50,792"	"3,454"	6.4	Sep-14
154	6	"54,811"	"51,327"	"3,484"	6.4	Oct-14
155	6	"54,699"	"51,354"	"3,345"	6.1	Nov-14
156	6	"54,605"	"51,278"	"3,327"	6.1	Dec-14
157	6	"54,946"	"51,323"	"3,623"	6.6	Jan-15
158	6	"55,138"	"51,622"	"3,516"	6.4	Feb-15
159	6	"54,940"	"51,610"	"3,330"	6.1	Mar-15
160	6	"54,955"	"51,881"	"3,074"	5.6	Apr-15
161	6	"54,837"	"51,738"	"3,099"	5.7	May-15
162	6	"55,717"	"52,349"	"3,368"	6	Jun-15
163	6	"56,381"	"53,088"	"3,293"	5.8	Jul-15
164	6	"55,561"	"52,307"	"3,254"	5.9	Aug-15
165	6	"55,337"	"52,200"	"3,137"	5.7	Sep-15
166	6	"55,865"	"52,761"	"3,104"	5.6	Oct-15
167	6	"55,854"	"52,828"	"3,026"	5.4	Nov-15
168	6	"55,802"	"52,933"	"2,869"	5.1	Dec-15
169	6	"55,862"	"52,773"	"3,089"	5.5	Jan-16
170	6	"56,250"	"53,200"	"3,050"	5.4	Feb-16
171	6	"56,067"	"53,346"	"2,721"	4.9	Mar-16
172	6	"56,110"	"53,675"	"2,435"	4.3	Apr-16
173	6	"55,790"	"53,334"	"2,456"	4.4	May-16
174	6	"56,498"	"53,620"	"2,878"	5.1	Jun-16
175	6	"56,859"	"53,984"	"2,875"	5.1	Jul-16
176	6	"56,015"	"53,125"	"2,890"	5.2	Aug-16
177	6	"56,032"	"53,204"	"2,828"	5	Sep-16
178	6	"56,557"	"53,853"	"2,704"	4.8	Oct-16
179	6	"56,564"	"53,968"	"2,596"	4.6	Nov-16
180	6	"56,424"	"53,852"	"2,572"	4.6	Dec-16
181	6	"57,207"	"54,168"	"3,039"	5.3	Jan-17
182	6	"57,709"	"54,400"	"3,309"	5.7	Feb-17
183	6	"57,411"	"54,319"	"3,092"	5.4	Mar-17
184	6	"57,533"	"54,591"	"2,942"	5.1	Apr-17
185	6	"57,930"	"54,907"	"3,023"	5.2	May-17
186	6	"58,292"	"54,983"	"3,309"	5.7	Jun-17
1	7	"30,923"	"27,234"	"3,689"	11.9	Jan-02
2	7	"31,249"	"27,440"	"3,810"	12.2	Feb-02
3	7	"31,000"	"27,527"	"3,473"	11.2	Mar-02
4	7	"30,841"	"27,682"	"3,159"	10.2	Apr-02
5	7	"30,777"	"27,390"	"3,387"	11	May-02
6	7	"31,634"	"27,712"	"3,922"	12.4	Jun-02
7	7	"32,071"	"28,307 "	"3,764"	11.7	Jul-02
8	7	"31,352"	"27,754 "	"3,598"	11.5	Aug-02
9	7	"30,780"	"27,473 "	"3,307"	10.7	Sep-02
10	7	"30,568"	"27,301"	"3,267"	10.7	Oct-02
11	7	"30,636"	"27,198"	"3,438"	11.2	Nov-02
12	7	"30,711"	"27,176"	"3,535"	11.5	Dec-02
13	7	"30,677"	"27,101"	"3,576"	11.7	Jan-03
14	7	"31,256"	"27,353"	"3,902"	12.5	Feb-03
15	7	"31,044"	"27,566"	"3,477"	11.2	Mar-03
16	7	"31,167"	"27,575"	"3,592"	11.5	Apr-03
17	7	"30,791"	"27,509"	"3,282"	10.7	May-03
18	7	"32,217"	"27,895"	"4,322"	13.4	Jun-03
19	7	"32,264"	"28,326 "	"3,938"	12.2	Jul-03
20	7	"31,879"	"27,716 "	"4,163"	13.1	Aug-03
21	7	"30,723"	"27,540 "	"3,183"	10.4	Sep-03
22	7	"31,466"	"27,674"	"3,792"	12.1	Oct-03
23	7	"31,179"	"27,529"	"3,650"	11.7	Nov-03
24	7	"30,699"	"27,276"	"3,424"	11.2	Dec-03
25	7	"31,115"	"27,368"	"3,748"	12	Jan-04
26	7	"31,487"	"27,724"	"3,763"	12	Feb-04
27	7	"31,726"	"27,645"	"4,081"	12.9	Mar-04
28	7	"31,404"	"27,734"	"3,670"	11.7	Apr-04
29	7	"31,271"	"27,499"	"3,771"	12.1	May-04
30	7	"32,106"	"27,873"	"4,233"	13.2	Jun-04
31	7	"32,874"	"28,255 "	"4,619"	14	Jul-04
32	7	"32,121"	"28,195 "	"3,927"	12.2	Aug-04
33	7	"31,838"	"27,956 "	"3,882"	12.2	Sep-04
34	7	"32,140"	"28,098"	"4,042"	12.6	Oct-04
35	7	"32,206"	"28,081"	"4,125"	12.8	Nov-04
36	7	"32,387"	"28,156"	"4,231"	13.1	Dec-04
37	7	"32,024"	"28,263"	"3,761"	11.7	Jan-05
38	7	"32,677"	"28,551"	"4,126"	12.6	Feb-05
39	7	"32,431"	"28,636"	"3,795"	11.7	Mar-05
40	7	"32,217"	"28,817"	"3,400"	10.6	Apr-05
41	7	"32,330"	"28,520"	"3,810"	11.8	May-05
42	7	"32,780"	"28,977"	"3,803"	11.6	Jun-05
43	7	"33,196"	"29,669 "	"3,528"	10.6	Jul-05
44	7	"32,738"	"29,364 "	"3,374"	10.3	Aug-05
45	7	"32,188"	"28,959 "	"3,230"	10	Sep-05
46	7	"32,164"	"28,944"	"3,220"	10	Oct-05
47	7	"32,080"	"28,812"	"3,267"	10.2	Nov-05
48	7	"32,152"	"28,921"	"3,230"	10	Dec-05
49	7	"31,880"	"28,809"	"3,071"	9.6	Jan-06
50	7	"32,203"	"29,042"	"3,161"	9.8	Feb-06
51	7	"32,068"	"29,002"	"3,066"	9.6	Mar-06
52	7	"31,859"	"28,927"	"2,932"	9.2	Apr-06
53	7	"32,248"	"29,073"	"3,176"	9.8	May-06
54	7	"33,046"	"29,744"	"3,302"	10	Jun-06
55	7	"33,572"	"30,000 "	"3,573"	10.6	Jul-06
56	7	"32,917"	"29,585 "	"3,331"	10.1	Aug-06
57	7	"32,417"	"29,257 "	"3,160"	9.7	Sep-06
58	7	"32,649"	"29,737"	"2,911"	8.9	Oct-06
59	7	"32,617"	"29,612"	"3,005"	9.2	Nov-06
60	7	"32,816"	"29,655"	"3,161"	9.6	Dec-06
61	7	"32,454"	"29,196"	"3,258"	10	Jan-07
62	7	"32,578"	"29,541"	"3,037"	9.3	Feb-07
63	7	"32,528"	"29,659"	"2,870"	8.8	Mar-07
64	7	"32,435"	"29,710"	"2,725"	8.4	Apr-07
65	7	"32,459"	"29,572"	"2,887"	8.9	May-07
66	7	"32,885"	"29,685"	"3,200"	9.7	Jun-07
67	7	"33,514"	"30,220 "	"3,294"	9.8	Jul-07
68	7	"32,948"	"29,885 "	"3,062"	9.3	Aug-07
69	7	"32,913"	"29,745 "	"3,168"	9.6	Sep-07
70	7	"32,891"	"29,965"	"2,926"	8.9	Oct-07
71	7	"33,172"	"30,082"	"3,090"	9.3	Nov-07
72	7	"33,041"	"29,973"	"3,069"	9.3	Dec-07
73	7	"33,306"	"29,790"	"3,516"	10.6	Jan-08
74	7	"33,137"	"30,095"	"3,042"	9.2	Feb-08
75	7	"33,567"	"30,184"	"3,383"	10.1	Mar-08
76	7	"33,157"	"30,360"	"2,797"	8.4	Apr-08
77	7	"33,636"	"30,145"	"3,491"	10.4	May-08
78	7	"34,121"	"30,366"	"3,755"	11	Jun-08
79	7	"34,973"	"30,936 "	"4,037"	11.5	Jul-08
80	7	"34,629"	"30,658 "	"3,971"	11.5	Aug-08
81	7	"34,179"	"30,198 "	"3,981"	11.6	Sep-08
82	7	"33,995"	"29,932"	"4,063"	12	Oct-08
83	7	"34,093"	"29,704"	"4,389"	12.9	Nov-08
84	7	"34,079"	"29,488"	"4,591"	13.5	Dec-08
85	7	"34,344"	"29,394"	"4,950"	14.4	Jan-09
86	7	"34,603"	"29,446"	"5,156"	14.9	Feb-09
87	7	"34,081"	"29,206"	"4,875"	14.3	Mar-09
88	7	"33,789"	"29,104"	"4,685"	13.9	Apr-09
89	7	"34,486"	"29,044"	"5,442"	15.8	May-09
90	7	"35,322"	"29,365"	"5,957"	16.9	Jun-09
91	7	"35,616"	"30,028 "	"5,588"	15.7	Jul-09
92	7	"35,161"	"29,321 "	"5,839"	16.6	Aug-09
93	7	"34,906"	"28,950 "	"5,956"	17.1	Sep-09
94	7	"35,164"	"29,012"	"6,152"	17.5	Oct-09
95	7	"35,124"	"29,220"	"5,904"	16.8	Nov-09
96	7	"35,200"	"29,180"	"6,021"	17.1	Dec-09
97	7	"32,768"	"26,231"	"6,537"	19.9	Jan-10
98	7	"32,747"	"26,380"	"6,367"	19.4	Feb-10
99	7	"32,736"	"26,568"	"6,168"	18.8	Mar-10
100	7	"32,617"	"26,957"	"5,660"	17.4	Apr-10
101	7	"32,909"	"27,066"	"5,843"	17.8	May-10
102	7	"33,716"	"27,364"	"6,352"	18.8	Jun-10
103	7	"34,018"	"27,657 "	"6,361"	18.7	Jul-10
104	7	"33,021"	"26,891 "	"6,130"	18.6	Aug-10
105	7	"32,902"	"26,795 "	"6,107"	18.6	Sep-10
106	7	"32,977"	"26,858"	"6,119"	18.6	Oct-10
107	7	"33,047"	"26,882"	"6,165"	18.7	Nov-10
108	7	"32,942"	"26,882"	"6,060"	18.4	Dec-10
109	7	"33,442"	"26,901"	"6,541"	19.6	Jan-11
110	7	"33,741"	"27,110"	"6,631"	19.7	Feb-11
111	7	"33,564"	"26,980"	"6,584"	19.6	Mar-11
112	7	"33,368"	"27,025"	"6,343"	19	Apr-11
113	7	"33,394"	"26,744"	"6,650"	19.9	May-11
114	7	"34,293"	"27,035"	"7,258"	21.2	Jun-11
115	7	"34,655"	"27,413 "	"7,242"	20.9	Jul-11
116	7	"33,955"	"26,989 "	"6,966"	20.5	Aug-11
117	7	"33,778"	"26,922 "	"6,856"	20.3	Sep-11
118	7	"33,649"	"26,946"	"6,703"	19.9	
119	7	"33,620"	"27,029"	"6,591"	19.6	Nov-11
120	7	"33,569"	"27,146"	"6,423"	19.1	Dec-11
121	7	"33,937"	"27,216"	"6,721"	19.8	Jan-12
122	7	"34,241"	"27,572"	"6,669"	19.5	Feb-12
123	7	"34,075"	"27,754"	"6,321"	18.6	Mar-12
124	7	"33,798"	"27,986"	"5,812"	17.2	Apr-12
125	7	"34,048"	"28,177"	"5,871"	17.2	May-12
126	7	"35,046"	"28,676"	"6,370"	18.2	Jun-12
127	7	"35,386"	"29,042 "	"6,344"	17.9	Jul-12
128	7	"34,965"	"28,707 "	"6,258"	17.9	Aug-12
129	7	"34,967"	"28,766 "	"6,201"	17.7	Sep-12
130	7	"35,297"	"29,149"	"6,148"	17.4	Oct-12
131	7	"35,353"	"29,251"	"6,102"	17.3	Nov-12
132	7	"35,312"	"29,243"	"6,069"	17.2	Dec-12
133	7	"34,126"	"29,123"	"5,003"	14.7	Jan-13
134	7	"34,397"	"29,321"	"5,076"	14.8	Feb-13
135	7	"34,166"	"29,269"	"4,897"	14.3	Mar-13
136	7	"34,000"	"29,414"	"4,586"	13.5	Apr-13
137	7	"33,826"	"29,263"	"4,563"	13.5	May-13
138	7	"34,363"	"29,442"	"4,921"	14.3	Jun-13
139	7	"34,908"	"29,696"	"5,212"	14.9	Jul-13
140	7	"34,340"	"29,130"	"5,210"	15.2	Aug-13
141	7	"34,001"	"29,029"	"4,972"	14.6	Sep-13
142	7	"34,145"	"29,130"	"5,015"	14.7	Oct-13
143	7	"34,190"	"29,384"	"4,806"	14.1	Nov-13
144	7	"34,065"	"29,413"	"4,652"	13.7	Dec-13
145	7	"33,958"	"29,181"	"4,777"	14.1	Jan-14
146	7	"34,088"	"29,347"	"4,741"	13.9	Feb-14
147	7	"33,922"	"29,347"	"4,575"	13.5	Mar-14
148	7	"33,855"	"29,527"	"4,328"	12.8	Apr-14
149	7	"33,814"	"29,565"	"4,249"	12.6	May-14
150	7	"34,707"	"29,961"	"4,746"	13.7	Jun-14
151	7	"35,388"	"30,269"	"5,119"	14.5	Jul-14
152	7	"34,764"	"29,842"	"4,922"	14.2	Aug-14
153	7	"34,831"	"30,024"	"4,807"	13.8	Sep-14
154	7	"35,107"	"30,340"	"4,767"	13.6	Oct-14
155	7	"35,151"	"30,356"	"4,795"	13.6	Nov-14
156	7	"34,806"	"30,311"	"4,495"	12.9	Dec-14
157	7	"34,853"	"30,338"	"4,515"	13	Jan-15
158	7	"34,945"	"30,514"	"4,431"	12.7	Feb-15
159	7	"34,556"	"30,508"	"4,048"	11.7	Mar-15
160	7	"34,527"	"30,668"	"3,859"	11.2	Apr-15
161	7	"34,344"	"30,583"	"3,761"	11	May-15
162	7	"35,163"	"30,944"	"4,219"	12	Jun-15
163	7	"35,892"	"31,381"	"4,511"	12.6	Jul-15
164	7	"35,215"	"30,920"	"4,295"	12.2	Aug-15
165	7	"34,943"	"30,856"	"4,087"	11.7	Sep-15
166	7	"35,305"	"31,188"	"4,117"	11.7	Oct-15
167	7	"35,298"	"31,228"	"4,070"	11.5	Nov-15
168	7	"35,119"	"31,289"	"3,830"	10.9	Dec-15
169	7	"35,151"	"31,195"	"3,956"	11.3	Jan-16
170	7	"35,398"	"31,447"	"3,951"	11.2	Feb-16
171	7	"35,252"	"31,534"	"3,718"	10.5	Mar-16
172	7	"35,161"	"31,728"	"3,433"	9.8	Apr-16
173	7	"34,970"	"31,527"	"3,443"	9.8	May-16
174	7	"35,557"	"31,696"	"3,861"	10.9	Jun-16
175	7	"36,022"	"31,911"	"4,111"	11.4	Jul-16
176	7	"35,302"	"31,403"	"3,899"	11	Aug-16
177	7	"35,207"	"31,450"	"3,757"	10.7	Sep-16
178	7	"35,604"	"31,833"	"3,771"	10.6	Oct-16
179	7	"35,470"	"31,901"	"3,569"	10.1	Nov-16
180	7	"35,245"	"31,832"	"3,413"	9.7	Dec-16
181	7	"35,584"	"32,019"	"3,565"	10	Jan-17
182	7	"35,616"	"32,157"	"3,459"	9.7	Feb-17
183	7	"35,367"	"32,108"	"3,259"	9.2	Mar-17
184	7	"35,479"	"32,270"	"3,209"	9	Apr-17
185	7	"35,704"	"32,456"	"3,248"	9.1	May-17
186	7	"36,395"	"32,501"	"3,894"	10.7	Jun-17
1	8	"26,166"	"21,396"	"4,770"	18.2	Jan-02
2	8	"26,483"	"21,557"	"4,925"	18.6	Feb-02
3	8	"26,116"	"21,626"	"4,490"	17.2	Mar-02
4	8	"25,832"	"21,748"	"4,084"	15.8	Apr-02
5	8	"25,897"	"21,518"	"4,379"	16.9	May-02
6	8	"26,842"	"21,772"	"5,070"	18.9	Jun-02
7	8	"27,105"	"22,239 "	"4,866"	18	Jul-02
8	8	"26,456"	"21,805 "	"4,651"	17.6	Aug-02
9	8	"25,859"	"21,584 "	"4,275"	16.5	Sep-02
10	8	"25,672"	"21,448"	"4,224"	16.5	Oct-02
11	8	"25,812"	"21,367"	"4,445"	17.2	Nov-02
12	8	"25,920"	"21,350"	"4,570"	17.6	Dec-02
13	8	"25,914"	"21,291"	"4,623"	17.8	Jan-03
14	8	"26,535"	"21,490"	"5,045"	19	Feb-03
15	8	"26,153"	"21,657"	"4,496"	17.2	Mar-03
16	8	"26,308"	"21,664"	"4,644"	17.7	Apr-03
17	8	"25,855"	"21,612"	"4,243"	16.4	May-03
18	8	"27,502"	"21,915"	"5,587"	20.3	Jun-03
19	8	"27,345"	"22,253 "	"5,091"	18.6	Jul-03
20	8	"27,156"	"21,774 "	"5,382"	19.8	Aug-03
21	8	"25,752"	"21,636 "	"4,115"	16	Sep-03
22	8	"26,644"	"21,742"	"4,903"	18.4	Oct-03
23	8	"26,346"	"21,627"	"4,719"	17.9	Nov-03
24	8	"25,855"	"21,428"	"4,427"	17.1	Dec-03
25	8	"26,346"	"21,501"	"4,845"	18.4	Jan-04
26	8	"26,645"	"21,780"	"4,865"	18.3	Feb-04
27	8	"26,995"	"21,719"	"5,277"	19.5	Mar-04
28	8	"26,533"	"21,789"	"4,744"	17.9	Apr-04
29	8	"26,480"	"21,604"	"4,876"	18.4	May-04
30	8	"27,371"	"21,898"	"5,473"	20	Jun-04
31	8	"28,169"	"22,198 "	"5,971"	21.2	Jul-04
32	8	"27,227"	"22,150 "	"5,076"	18.6	Aug-04
33	8	"26,981"	"21,963 "	"5,018"	18.6	Sep-04
34	8	"27,300"	"22,074"	"5,226"	19.1	Oct-04
35	8	"27,394"	"22,061"	"5,333"	19.5	Nov-04
36	8	"27,590"	"22,120"	"5,470"	19.8	Dec-04
37	8	"27,067"	"22,204"	"4,862"	18	Jan-05
38	8	"27,765"	"22,431"	"5,334"	19.2	Feb-05
39	8	"27,404"	"22,497"	"4,906"	17.9	Mar-05
40	8	"27,035"	"22,639"	"4,396"	16.3	Apr-05
41	8	"27,332"	"22,406"	"4,926"	18	May-05
42	8	"27,682"	"22,765"	"4,917"	17.8	Jun-05
43	8	"27,869"	"23,309 "	"4,561"	16.4	Jul-05
44	8	"27,431"	"23,069 "	"4,362"	15.9	Aug-05
45	8	"26,926"	"22,751 "	"4,176"	15.5	Sep-05
46	8	"26,903"	"22,739"	"4,163"	15.5	Oct-05
47	8	"26,860"	"22,636"	"4,224"	15.7	Nov-05
48	8	"26,898"	"22,721"	"4,176"	15.5	Dec-05
49	8	"26,604"	"22,633"	"3,971"	14.9	Jan-06
50	8	"26,903"	"22,816"	"4,087"	15.2	Feb-06
51	8	"26,749"	"22,785"	"3,964"	14.8	Mar-06
52	8	"26,517"	"22,725"	"3,791"	14.3	Apr-06
53	8	"26,946"	"22,840"	"4,106"	15.2	May-06
54	8	"27,636"	"23,367"	"4,269"	15.4	Jun-06
55	8	"28,187"	"23,568 "	"4,619"	16.4	Jul-06
56	8	"27,550"	"23,243 "	"4,307"	15.6	Aug-06
57	8	"27,070"	"22,985 "	"4,085"	15.1	Sep-06
58	8	"27,127"	"23,363"	"3,764"	13.9	Oct-06
59	8	"27,149"	"23,264"	"3,885"	14.3	Nov-06
60	8	"27,384"	"23,298"	"4,086"	14.9	Dec-06
61	8	"27,150"	"22,937"	"4,212"	15.5	Jan-07
62	8	"27,135"	"23,208"	"3,927"	14.5	Feb-07
63	8	"27,011"	"23,301"	"3,710"	13.7	Mar-07
64	8	"26,864"	"23,341"	"3,523"	13.1	Apr-07
65	8	"26,965"	"23,233"	"3,732"	13.8	May-07
66	8	"27,459"	"23,322"	"4,137"	15.1	Jun-07
67	8	"28,000"	"23,742 "	"4,259"	15.2	Jul-07
68	8	"27,438"	"23,479 "	"3,959"	14.4	Aug-07
69	8	"27,464"	"23,369 "	"4,096"	14.9	Sep-07
70	8	"27,324"	"23,541"	"3,783"	13.8	Oct-07
71	8	"27,628"	"23,633"	"3,995"	14.5	Nov-07
72	8	"27,515"	"23,548"	"3,967"	14.4	Dec-07
73	8	"27,949"	"23,404"	"4,545"	16.3	Jan-08
74	8	"27,576"	"23,643"	"3,933"	14.3	Feb-08
75	8	"28,087"	"23,713"	"4,374"	15.6	Mar-08
76	8	"27,468"	"23,852"	"3,616"	13.2	Apr-08
77	8	"28,196"	"23,682"	"4,513"	16	May-08
78	8	"28,712"	"23,856"	"4,855"	16.9	Jun-08
79	8	"29,523"	"24,304 "	"5,219"	17.7	Jul-08
80	8	"29,219"	"24,086 "	"5,134"	17.6	Aug-08
81	8	"28,871"	"23,724 "	"5,147"	17.8	Sep-08
82	8	"28,768"	"23,515"	"5,253"	18.3	Oct-08
83	8	"29,011"	"23,336"	"5,675"	19.6	Nov-08
84	8	"29,102"	"23,166"	"5,935"	20.4	Dec-08
85	8	"29,493"	"23,093"	"6,400"	21.7	Jan-09
86	8	"29,800"	"23,134"	"6,666"	22.4	Feb-09
87	8	"29,247"	"22,945"	"6,303"	21.5	Mar-09
88	8	"28,921"	"22,865"	"6,056"	20.9	Apr-09
89	8	"29,854"	"22,818"	"7,036"	23.6	May-09
90	8	"30,771"	"23,070"	"7,701"	25	Jun-09
91	8	"30,815"	"23,591 "	"7,224"	23.4	Jul-09
92	8	"30,585"	"23,036 "	"7,549"	24.7	Aug-09
93	8	"30,445"	"22,744 "	"7,701"	25.3	Sep-09
94	8	"30,746"	"22,793"	"7,954"	25.9	Oct-09
95	8	"30,589"	"22,956"	"7,633"	25	Nov-09
96	8	"30,708"	"22,924"	"7,784"	25.3	Dec-09
97	8	"27,116"	"20,687"	"6,429"	23.7	Jan-10
98	8	"27,066"	"20,805"	"6,261"	23.1	Feb-10
99	8	"27,018"	"20,953"	"6,065"	22.4	Mar-10
100	8	"26,826"	"21,260"	"5,566"	20.7	Apr-10
101	8	"27,092"	"21,346"	"5,746"	21.2	May-10
102	8	"27,828"	"21,581"	"6,247"	22.4	Jun-10
103	8	"28,067"	"21,812 "	"6,255"	22.3	Jul-10
104	8	"27,236"	"21,208 "	"6,028"	22.1	Aug-10
105	8	"27,138"	"21,132 "	"6,006"	22.1	Sep-10
106	8	"27,200"	"21,182"	"6,018"	22.1	Oct-10
107	8	"27,264"	"21,201"	"6,063"	22.2	Nov-10
108	8	"27,161"	"21,201"	"5,960"	21.9	Dec-10
109	8	"27,649"	"21,216"	"6,433"	23.3	Jan-11
110	8	"27,901"	"21,380"	"6,521"	23.4	Feb-11
111	8	"27,753"	"21,278"	"6,475"	23.3	Mar-11
112	8	"27,552"	"21,314"	"6,238"	22.6	Apr-11
113	8	"27,632"	"21,092"	"6,540"	23.7	May-11
114	8	"28,459"	"21,322"	"7,137"	25.1	Jun-11
115	8	"28,741"	"21,619 "	"7,122"	24.8	Jul-11
116	8	"28,136"	"21,285 "	"6,851"	24.3	Aug-11
117	8	"27,975"	"21,232 "	"6,743"	24.1	Sep-11
118	8	"27,843"	"21,251"	"6,592"	23.7	
119	8	"27,798"	"21,316"	"6,482"	23.3	Nov-11
120	8	"27,725"	"21,409"	"6,316"	22.8	Dec-11
121	8	"28,075"	"21,465"	"6,610"	23.5	Jan-12
122	8	"28,303"	"21,745"	"6,558"	23.2	Feb-12
123	8	"28,104"	"21,888"	"6,216"	22.1	Mar-12
124	8	"27,787"	"22,072"	"5,715"	20.6	Apr-12
125	8	"27,995"	"22,222"	"5,773"	20.6	May-12
126	8	"28,880"	"22,616"	"6,264"	21.7	Jun-12
127	8	"29,144"	"22,905 "	"6,239"	21.4	Jul-12
128	8	"28,795"	"22,640 "	"6,155"	21.4	Aug-12
129	8	"28,785"	"22,687 "	"6,098"	21.2	Sep-12
130	8	"29,035"	"22,989"	"6,046"	20.8	Oct-12
131	8	"29,070"	"23,069"	"6,001"	20.6	Nov-12
132	8	"29,031"	"23,063"	"5,968"	20.6	Dec-12
133	8	"27,973"	"22,967"	"5,006"	17.9	Jan-13
134	8	"28,169"	"23,124"	"5,045"	17.9	Feb-13
135	8	"27,733"	"23,083"	"4,650"	16.8	Mar-13
136	8	"27,693"	"23,197"	"4,496"	16.2	Apr-13
137	8	"27,630"	"23,078"	"4,552"	16.5	May-13
138	8	"28,069"	"23,219"	"4,850"	17.3	Jun-13
139	8	"28,485"	"23,420"	"5,065"	17.8	Jul-13
140	8	"28,049"	"22,973"	"5,076"	18.1	Aug-13
141	8	"27,828"	"22,894"	"4,934"	17.7	Sep-13
142	8	"27,938"	"22,974"	"4,964"	17.8	Oct-13
143	8	"27,976"	"23,173"	"4,803"	17.2	Nov-13
144	8	"27,841"	"23,196"	"4,645"	16.7	Dec-13
145	8	"27,580"	"23,014"	"4,566"	16.6	Jan-14
146	8	"27,714"	"23,145"	"4,569"	16.5	Feb-14
147	8	"27,509"	"23,145"	"4,364"	15.9	Mar-14
148	8	"27,516"	"23,287"	"4,229"	15.4	Apr-14
149	8	"27,516"	"23,317"	"4,199"	15.3	May-14
150	8	"28,322"	"23,630"	"4,692"	16.6	Jun-14
151	8	"28,914"	"23,872"	"5,042"	17.4	Jul-14
152	8	"28,417"	"23,536"	"4,881"	17.2	Aug-14
153	8	"28,428"	"23,679"	"4,749"	16.7	Sep-14
154	8	"28,821"	"23,929"	"4,892"	17	Oct-14
155	8	"28,770"	"23,941"	"4,829"	16.8	Nov-14
156	8	"28,551"	"23,906"	"4,645"	16.3	Dec-14
157	8	"28,529"	"23,926"	"4,603"	16.1	Jan-15
158	8	"28,542"	"24,066"	"4,476"	15.7	Feb-15
159	8	"28,128"	"24,060"	"4,068"	14.5	Mar-15
160	8	"27,913"	"24,187"	"3,726"	13.3	Apr-15
161	8	"27,746"	"24,120"	"3,626"	13.1	May-15
162	8	"28,521"	"24,405"	"4,116"	14.4	Jun-15
163	8	"29,205"	"24,749"	"4,456"	15.3	Jul-15
164	8	"28,707"	"24,385"	"4,322"	15.1	Aug-15
165	8	"28,466"	"24,335"	"4,131"	14.5	Sep-15
166	8	"28,828"	"24,597"	"4,231"	14.7	Oct-15
167	8	"28,778"	"24,628"	"4,150"	14.4	Nov-15
168	8	"28,724"	"24,677"	"4,047"	14.1	Dec-15
169	8	"28,665"	"24,602"	"4,063"	14.2	Jan-16
170	8	"28,765"	"24,802"	"3,963"	13.8	Feb-16
171	8	"28,621"	"24,870"	"3,751"	13.1	Mar-16
172	8	"28,372"	"25,023"	"3,349"	11.8	Apr-16
173	8	"28,179"	"24,864"	"3,315"	11.8	May-16
174	8	"28,777"	"24,997"	"3,780"	13.1	Jun-16
175	8	"29,229"	"25,167"	"4,062"	13.9	Jul-16
176	8	"28,626"	"24,767"	"3,859"	13.5	Aug-16
177	8	"28,446"	"24,803"	"3,643"	12.8	Sep-16
178	8	"28,805"	"25,106"	"3,699"	12.8	Oct-16
179	8	"28,767"	"25,160"	"3,607"	12.5	Nov-16
180	8	"28,631"	"25,105"	"3,526"	12.3	Dec-16
181	8	"29,005"	"25,253"	"3,752"	12.9	Jan-17
182	8	"28,983"	"25,361"	"3,622"	12.5	Feb-17
183	8	"28,779"	"25,323"	"3,456"	12	Mar-17
184	8	"28,795"	"25,450"	"3,345"	11.6	Apr-17
185	8	"28,890"	"25,597"	"3,293"	11.4	May-17
186	8	"29,568"	"25,633"	"3,935"	13.3	Jun-17
