index,Ward,Labor Force,Employment,Unemployment,Rate,Month/year
1,1,43509,40878,2631,6.00,2-Jan
2,1,43904,41187,2717,6.20,2-Feb
3,1,43795,41319,2476,5.70,2-Mar
4,1,43804,41551,2253,5.10,2-Apr
5,1,43528,41113,2415,5.50,2-May
6,1,44393,41597,2796,6.30,2-Jun
7,1,45173,42489,2684,5.90,2-Jul
8,1,44225,41660,2565,5.80,2-Aug
9,1,43596,41238,2358,5.40,2-Sep
10,1,43308,40979,2330,5.40,2-Oct
11,1,43276,40824,2452,5.70,2-Nov
12,1,43312,40792,2521,5.80,2-Dec
13,1,43229,40679,2550,5.90,3-Jan
14,1,43841,41058,2783,6.30,3-Feb
15,1,43857,41378,2480,5.70,3-Mar
16,1,43952,41391,2562,5.80,3-Apr
17,1,43632,41292,2340,5.40,3-May
18,1,44952,41871,3082,6.90,3-Jun
19,1,45325,42517,2808,6.20,3-Jul
20,1,44570,41602,2968,6.70,3-Aug
21,1,43608,41338,2270,5.20,3-Sep
22,1,44243,41539,2704,6.10,3-Oct
23,1,43924,41321,2603,5.90,3-Nov
24,1,43382,40941,2441,5.60,3-Dec
25,1,43752,41079,2672,6.10,4-Jan
26,1,44297,41613,2683,6.10,4-Feb
27,1,44406,41495,2910,6.60,4-Mar
28,1,44246,41629,2617,5.90,4-Apr
29,1,43966,41277,2689,6.10,4-May
30,1,44856,41837,3019,6.70,4-Jun
31,1,45705,42412,3293,7.20,4-Jul
32,1,45120,42320,2800,6.20,4-Aug
33,1,44730,41962,2768,6.20,4-Sep
34,1,45057,42175,2883,6.40,4-Oct
35,1,45092,42150,2941,6.50,4-Nov
36,1,45280,42263,3017,6.70,4-Dec
37,1,45105,42423,2682,5.90,5-Jan
38,1,45798,42856,2942,6.40,5-Feb
39,1,45689,42983,2706,5.90,5-Mar
40,1,45678,43254,2424,5.30,5-Apr
41,1,45525,42808,2717,6.00,5-May
42,1,46207,43495,2712,5.90,5-Jun
43,1,47049,44533,2515,5.30,5-Jul
44,1,46481,44076,2406,5.20,5-Aug
45,1,45770,43467,2303,5.00,5-Sep
46,1,45742,43446,2296,5.00,5-Oct
47,1,45577,43248,2330,5.10,5-Nov
48,1,45715,43411,2303,5.00,5-Dec
49,1,45433,43243,2190,4.80,6-Jan
50,1,45847,43593,2254,4.90,6-Feb
51,1,45718,43532,2186,4.80,6-Mar
52,1,45510,43419,2091,4.60,6-Apr
53,1,45903,43639,2264,4.90,6-May
54,1,47000,44646,2354,5.00,6-Jun
55,1,47577,45030,2548,5.40,6-Jul
56,1,46784,44408,2375,5.10,6-Aug
57,1,46168,43915,2253,4.90,6-Sep
58,1,46712,44636,2076,4.40,6-Oct
59,1,46591,44448,2143,4.60,6-Nov
60,1,46767,44513,2254,4.80,6-Dec
61,1,46147,43824,2323,5.00,7-Jan
62,1,46507,44341,2166,4.70,7-Feb
63,1,46564,44518,2046,4.40,7-Mar
64,1,46538,44595,1943,4.20,7-Apr
65,1,46447,44388,2058,4.40,7-May
66,1,46840,44558,2282,4.90,7-Jun
67,1,47709,45360,2349,4.90,7-Jul
68,1,47042,44858,2184,4.60,7-Aug
69,1,46907,44648,2259,4.80,7-Sep
70,1,47064,44977,2087,4.40,7-Oct
71,1,47356,45153,2203,4.70,7-Nov
72,1,47178,44990,2188,4.60,7-Dec
73,1,47223,44716,2507,5.30,8-Jan
74,1,47342,45173,2169,4.60,8-Feb
75,1,47719,45306,2413,5.10,8-Mar
76,1,47565,45571,1995,4.20,8-Apr
77,1,47737,45248,2489,5.20,8-May
78,1,48258,45580,2678,5.50,8-Jun
79,1,49314,46436,2879,5.80,8-Jul
80,1,48849,46018,2832,5.80,8-Aug
81,1,48166,45328,2839,5.90,8-Sep
82,1,47826,44928,2897,6.10,8-Oct
83,1,47716,44586,3130,6.60,8-Nov
84,1,47535,44262,3274,6.90,8-Dec
85,1,47650,44120,3530,7.40,9-Jan
86,1,47876,44199,3677,7.70,9-Feb
87,1,47314,43838,3476,7.30,9-Mar
88,1,47026,43686,3340,7.10,9-Apr
89,1,47477,43596,3881,8.20,9-May
90,1,48325,44078,4248,8.80,9-Jun
91,1,49058,45073,3985,8.10,9-Jul
92,1,48175,44012,4164,8.60,9-Aug
93,1,47701,43454,4247,8.90,9-Sep
94,1,47934,43547,4387,9.20,9-Oct
95,1,48070,43860,4210,8.80,9-Nov
96,1,48092,43799,4293,8.90,
97,1,52559,48992,3567,6.80,10-Jan
98,1,52745,49271,3474,6.60,10-Feb
99,1,52987,49621,3366,6.40,10-Mar
100,1,53435,50347,3088,5.80,10-Apr
101,1,53739,50551,3188,5.90,10-May
102,1,54575,51109,3466,6.40,10-Jun
103,1,55127,51656,3471,6.30,10-Jul
104,1,53569,50224,3345,6.20,10-Aug
105,1,53378,50045,3333,6.20,10-Sep
106,1,53501,50162,3339,6.20,10-Oct
107,1,53573,50209,3364,6.30,10-Nov
108,1,53515,50208,3307,6.20,10-Dec
109,1,53813,50243,3570,6.60,11-Jan
110,1,54252,50633,3619,6.70,11-Feb
111,1,53984,50391,3593,6.70,11-Mar
112,1,53936,50475,3461,6.40,11-Apr
113,1,53579,49950,3629,6.80,11-May
114,1,54455,50494,3961,7.30,11-Jun
115,1,55151,51199,3952,7.20,11-Jul
116,1,54208,50407,3801,7.00,11-Aug
117,1,54024,50282,3742,6.90,11-Sep
118,1,53985,50327,3658,6.80,
119,1,54078,50481,3597,6.70,11-Nov
120,1,54205,50700,3505,6.50,11-Dec
121,1,54499,50831,3668,6.70,12-Jan
122,1,55136,51496,3640,6.60,12-Feb
123,1,55285,51835,3450,6.20,12-Mar
124,1,55441,52269,3172,5.70,12-Apr
125,1,55829,52625,3204,5.70,12-May
126,1,57033,53557,3476,6.10,12-Jun
127,1,57703,54241,3462,6.00,12-Jul
128,1,57032,53616,3416,6.00,12-Aug
129,1,57111,53727,3384,5.90,12-Sep
130,1,57797,54442,3355,5.80,12-Oct
131,1,57961,54631,3330,5.70,12-Nov
132,1,57928,54616,3312,5.70,12-Dec
133,1,58529,54392,4137,7.10,13-Jan
134,1,58734,54762,3972,6.80,13-Feb
135,1,58449,54665,3784,6.50,13-Mar
136,1,58471,54935,3536,6.00,13-Apr
137,1,58208,54654,3554,6.10,13-May
138,1,59046,54987,4059,6.90,13-Jun
139,1,59370,55463,3907,6.60,13-Jul
140,1,58111,54405,3706,6.40,13-Aug
141,1,57893,54217,3676,6.30,13-Sep
142,1,58073,54406,3667,6.30,13-Oct
143,1,58252,54879,3373,5.80,13-Nov
144,1,58146,54934,3212,5.50,13-Dec
145,1,58064,54502,3562,6.10,14-Jan
146,1,58467,54813,3654,6.20,14-Feb
147,1,58234,54812,3422,5.90,14-Mar
148,1,58295,55148,3147,5.40,14-Apr
149,1,58372,55219,3153,5.40,14-May
150,1,59547,55960,3587,6.00,14-Jun
151,1,60083,56534,3549,5.90,14-Jul
152,1,59364,55737,3627,6.10,14-Aug
153,1,59612,56077,3535,5.90,14-Sep
154,1,60068,56668,3400,5.70,14-Oct
155,1,59984,56697,3287,5.50,14-Nov
156,1,59784,56613,3171,5.30,14-Dec
157,1,60208,56662,3546,5.90,15-Jan
158,1,60412,56993,3419,5.70,15-Feb
159,1,60105,56980,3125,5.20,15-Mar
160,1,60130,57279,2851,4.70,15-Apr
161,1,59994,57121,2873,4.80,15-May
162,1,60966,57796,3170,5.20,15-Jun
163,1,61639,58611,3028,4.90,15-Jul
164,1,60770,57749,3021,5.00,15-Aug
165,1,60562,57631,2931,4.80,15-Sep
166,1,61135,58250,2885,4.70,15-Oct
167,1,61113,58325,2788,4.60,15-Nov
168,1,61108,58440,2668,4.40,15-Dec
169,1,61194,58263,2931,4.80,16-Jan
170,1,61728,58735,2993,4.80,16-Feb
171,1,61561,58896,2665,4.30,16-Mar
172,1,61719,59259,2460,4.00,16-Apr
173,1,61303,58883,2420,3.90,16-May
174,1,62109,59199,2910,4.70,16-Jun
175,1,62440,59601,2839,4.50,16-Jul
176,1,61552,58652,2900,4.70,16-Aug
177,1,61535,58740,2795,4.50,16-Sep
178,1,62090,59455,2635,4.20,16-Oct
179,1,62092,59583,2509,4.00,16-Nov
180,1,61884,59455,2429,3.90,16-Dec
181,1,62521,59803,2718,4.30,17-Jan
182,1,63035,60060,2975,4.70,17-Feb
183,1,62669,59970,2699,4.30,17-Mar
184,1,62823,60271,2552,4.10,17-Apr
185,1,63224,60620,2604,4.10,17-May
186,1,63772,60704,3068,4.80,17-Jun
1,2,44158,42656,1502,3.40,2-Jan
2,2,44529,42978,1551,3.50,2-Feb
3,2,44529,43115,1414,3.20,2-Mar
4,2,44644,43358,1286,2.90,2-Apr
5,2,44279,42901,1379,3.10,2-May
6,2,45002,43405,1597,3.50,2-Jun
7,2,45869,44336,1532,3.30,2-Jul
8,2,44936,43471,1465,3.30,2-Aug
9,2,44377,43031,1346,3.00,2-Sep
10,2,44090,42760,1330,3.00,2-Oct
11,2,43999,42599,1400,3.20,2-Nov
12,2,44004,42565,1439,3.30,2-Dec
13,2,43904,42448,1456,3.30,3-Jan
14,2,44432,42843,1589,3.60,3-Feb
15,2,44592,43177,1416,3.20,3-Mar
16,2,44653,43190,1462,3.30,3-Apr
17,2,44423,43087,1336,3.00,3-May
18,2,45450,43691,1759,3.90,3-Jun
19,2,45969,44366,1603,3.50,3-Jul
20,2,45105,43411,1695,3.80,3-Aug
21,2,44431,43135,1296,2.90,3-Sep
22,2,44889,43345,1544,3.40,3-Oct
23,2,44603,43117,1486,3.30,3-Nov
24,2,44115,42721,1394,3.20,3-Dec
25,2,44391,42865,1526,3.40,4-Jan
26,2,44955,43423,1532,3.40,4-Feb
27,2,44961,43299,1662,3.70,4-Mar
28,2,44933,43439,1494,3.30,4-Apr
29,2,44607,43071,1535,3.40,4-May
30,2,45380,43656,1723,3.80,4-Jun
31,2,46136,44256,1880,4.10,4-Jul
32,2,45759,44160,1599,3.50,4-Aug
33,2,45367,43787,1580,3.50,4-Sep
34,2,45654,44008,1646,3.60,4-Oct
35,2,45662,43983,1679,3.70,4-Nov
36,2,45823,44101,1722,3.80,4-Dec
37,2,45799,44268,1531,3.30,5-Jan
38,2,46399,44719,1680,3.60,5-Feb
39,2,46397,44852,1545,3.30,5-Mar
40,2,46519,45135,1384,3.00,5-Apr
41,2,46221,44669,1551,3.40,5-May
42,2,46934,45386,1548,3.30,5-Jun
43,2,47905,46469,1436,3.00,5-Jul
44,2,47365,45992,1373,2.90,5-Aug
45,2,46672,45357,1315,2.80,5-Sep
46,2,46645,45335,1311,2.80,5-Oct
47,2,46458,45128,1330,2.90,5-Nov
48,2,46614,45299,1315,2.80,5-Dec
49,2,46373,45123,1250,2.70,6-Jan
50,2,46775,45488,1287,2.80,6-Feb
51,2,46673,45425,1248,2.70,6-Mar
52,2,46501,45307,1194,2.60,6-Apr
53,2,46829,45536,1293,2.80,6-May
54,2,47931,46587,1344,2.80,6-Jun
55,2,48442,46987,1454,3.00,6-Jul
56,2,47695,46339,1356,2.80,6-Aug
57,2,47111,45825,1286,2.70,6-Sep
58,2,47762,46577,1185,2.50,6-Oct
59,2,47604,46381,1223,2.60,6-Nov
60,2,47735,46448,1287,2.70,6-Dec
61,2,47055,45729,1326,2.80,7-Jan
62,2,47505,46269,1236,2.60,7-Feb
63,2,47622,46454,1168,2.50,7-Mar
64,2,47643,46534,1109,2.30,7-Apr
65,2,47493,46318,1175,2.50,7-May
66,2,47798,46495,1303,2.70,7-Jun
67,2,48673,47332,1341,2.80,7-Jul
68,2,48055,46808,1247,2.60,7-Aug
69,2,47879,46589,1290,2.70,7-Sep
70,2,48124,46933,1191,2.50,7-Oct
71,2,48374,47116,1258,2.60,7-Nov
72,2,48195,46946,1249,2.60,7-Dec
73,2,48091,46660,1431,3.00,8-Jan
74,2,48375,47137,1238,2.60,8-Feb
75,2,48653,47276,1377,2.80,8-Mar
76,2,48691,47552,1139,2.30,8-Apr
77,2,48636,47215,1421,2.90,8-May
78,2,49090,47561,1529,3.10,8-Jun
79,2,50098,48455,1643,3.30,8-Jul
80,2,49635,48018,1617,3.30,8-Aug
81,2,48919,47298,1621,3.30,8-Sep
82,2,48536,46882,1654,3.40,8-Oct
83,2,48311,46524,1787,3.70,8-Nov
84,2,48055,46186,1869,3.90,8-Dec
85,2,48054,46039,2015,4.20,9-Jan
86,2,48220,46121,2099,4.40,9-Feb
87,2,47728,45744,1985,4.20,9-Mar
88,2,47492,45585,1907,4.00,9-Apr
89,2,47707,45491,2215,4.60,9-May
90,2,48419,45994,2425,5.00,9-Jun
91,2,49307,47033,2275,4.60,9-Jul
92,2,48302,45925,2377,4.90,9-Aug
93,2,47768,45343,2425,5.10,9-Sep
94,2,47945,45441,2505,5.20,9-Oct
95,2,48171,45767,2404,5.00,9-Nov
96,2,48154,45703,2451,5.10,9-Dec
97,2,52777,50696,2081,3.90,10-Jan
98,2,53012,50985,2027,3.80,10-Feb
99,2,53310,51347,1963,3.70,10-Mar
100,2,53901,52099,1802,3.30,10-Apr
101,2,54169,52309,1860,3.40,10-May
102,2,54909,52887,2022,3.70,10-Jun
103,2,55478,53453,2025,3.70,10-Jul
104,2,53923,51972,1951,3.60,10-Aug
105,2,53730,51786,1944,3.60,10-Sep
106,2,53855,51907,1948,3.60,10-Oct
107,2,53917,51955,1962,3.60,10-Nov
108,2,53883,51954,1929,3.60,10-Dec
109,2,54072,51990,2082,3.90,11-Jan
110,2,54505,52395,2110,3.90,11-Feb
111,2,54239,52144,2095,3.90,11-Mar
112,2,54249,52231,2018,3.70,11-Apr
113,2,53803,51687,2116,3.90,11-May
114,2,54560,52251,2309,4.20,11-Jun
115,2,55284,52980,2304,4.20,11-Jul
116,2,54378,52161,2217,4.10,11-Aug
117,2,54213,52031,2182,4.00,11-Sep
118,2,54211,52078,2133,3.90,
119,2,54334,52237,2097,3.90,11-Nov
120,2,54508,52464,2044,3.70,11-Dec
121,2,54740,52600,2140,3.90,12-Jan
122,2,55411,53288,2123,3.80,12-Feb
123,2,55651,53639,2012,3.60,12-Mar
124,2,55938,54088,1850,3.30,12-Apr
125,2,56326,54457,1869,3.30,12-May
126,2,57449,55421,2028,3.50,12-Jun
127,2,58148,56129,2019,3.50,12-Jul
128,2,57474,55482,1992,3.50,12-Aug
129,2,57570,55596,1974,3.40,12-Sep
130,2,58293,56336,1957,3.40,12-Oct
131,2,58475,56533,1942,3.30,12-Nov
132,2,58449,56517,1932,3.30,12-Dec
133,2,60131,56283,3848,6.40,13-Jan
134,2,60562,56667,3895,6.40,13-Feb
135,2,60154,56567,3587,6.00,13-Mar
136,2,60136,56846,3290,5.50,13-Apr
137,2,60022,56555,3467,5.80,13-May
138,2,60791,56900,3891,6.40,13-Jun
139,2,61097,57392,3705,6.10,13-Jul
140,2,59692,56297,3395,5.70,13-Aug
141,2,59483,56102,3381,5.70,13-Sep
142,2,59711,56298,3413,5.70,13-Oct
143,2,59901,56788,3113,5.20,13-Nov
144,2,59723,56845,2878,4.80,13-Dec
145,2,59675,56398,3277,5.50,14-Jan
146,2,60213,56719,3494,5.80,14-Feb
147,2,59949,56718,3231,5.40,14-Mar
148,2,59916,57066,2850,4.80,14-Apr
149,2,60117,57140,2977,5.00,14-May
150,2,61312,57906,3406,5.60,14-Jun
151,2,61845,58500,3345,5.40,14-Jul
152,2,61116,57676,3440,5.60,14-Aug
153,2,61395,58027,3368,5.50,14-Sep
154,2,61740,58639,3101,5.00,14-Oct
155,2,61650,58669,2981,4.80,14-Nov
156,2,61482,58582,2900,4.70,14-Dec
157,2,61946,58633,3313,5.30,15-Jan
158,2,62374,58975,3399,5.40,15-Feb
159,2,62009,58962,3047,4.90,15-Mar
160,2,62085,59271,2814,4.50,15-Apr
161,2,61933,59108,2825,4.60,15-May
162,2,62922,59806,3116,5.00,15-Jun
163,2,63706,60650,3056,4.80,15-Jul
164,2,62796,59758,3038,4.80,15-Aug
165,2,62589,59635,2954,4.70,15-Sep
166,2,63107,60276,2831,4.50,15-Oct
167,2,63096,60353,2743,4.30,15-Nov
168,2,63072,60472,2600,4.10,15-Dec
169,2,63099,60290,2809,4.50,16-Jan
170,2,63780,60778,3002,4.70,16-Feb
171,2,63611,60945,2666,4.20,16-Mar
172,2,63682,61320,2362,3.70,16-Apr
173,2,63277,60931,2346,3.70,16-May
174,2,64273,61258,3015,4.70,16-Jun
175,2,64563,61673,2890,4.50,16-Jul
176,2,63615,60692,2923,4.60,16-Aug
177,2,63612,60783,2829,4.40,16-Sep
178,2,64169,61523,2646,4.10,16-Oct
179,2,64133,61655,2478,3.90,16-Nov
180,2,63908,61522,2386,3.70,16-Dec
181,2,64474,61883,2591,4.00,17-Jan
182,2,65108,62149,2959,4.50,17-Feb
183,2,64698,62055,2643,4.10,17-Mar
184,2,64858,62367,2491,3.80,17-Apr
185,2,65254,62728,2526,3.90,17-May
186,2,65855,62815,3040,4.60,17-Jun
1,3,48715,47846,869,1.80,2-Jan
2,3,49105,48208,897,1.80,2-Feb
3,3,49180,48362,818,1.70,2-Mar
4,3,49378,48634,744,1.50,2-Apr
5,3,48918,48121,798,1.60,2-May
6,3,49610,48687,923,1.90,2-Jun
7,3,50618,49732,886,1.80,2-Jul
8,3,49608,48761,847,1.70,2-Aug
9,3,49046,48267,779,1.60,2-Sep
10,3,48733,47964,769,1.60,2-Oct
11,3,48593,47783,810,1.70,2-Nov
12,3,48577,47745,832,1.70,2-Dec
13,3,48455,47613,842,1.70,3-Jan
14,3,48975,48056,919,1.90,3-Feb
15,3,49249,48431,819,1.70,3-Mar
16,3,49292,48446,846,1.70,3-Apr
17,3,49103,48330,773,1.60,3-May
18,3,50025,49008,1018,2.00,3-Jun
19,3,50692,49764,927,1.80,3-Jul
20,3,49673,48693,980,2.00,3-Aug
21,3,49134,48384,750,1.50,3-Sep
22,3,49513,48620,893,1.80,3-Oct
23,3,49224,48364,859,1.70,3-Nov
24,3,48726,47919,806,1.70,3-Dec
25,3,48964,48081,882,1.80,4-Jan
26,3,49593,48707,886,1.80,4-Feb
27,3,49529,48568,961,1.90,4-Mar
28,3,49589,48725,864,1.70,4-Apr
29,3,49201,48313,888,1.80,4-May
30,3,49965,48969,997,2.00,4-Jun
31,3,50728,49641,1088,2.10,4-Jul
32,3,50459,49534,925,1.80,4-Aug
33,3,50029,49115,914,1.80,4-Sep
34,3,50315,49364,952,1.90,4-Oct
35,3,50306,49335,971,1.90,4-Nov
36,3,50463,49467,996,2.00,4-Dec
37,3,50540,49655,886,1.80,5-Jan
38,3,51132,50161,971,1.90,5-Feb
39,3,51203,50310,894,1.70,5-Mar
40,3,51427,50627,801,1.60,5-Apr
41,3,51002,50105,897,1.80,5-May
42,3,51804,50909,896,1.70,5-Jun
43,3,52955,52124,831,1.60,5-Jul
44,3,52383,51588,794,1.50,5-Aug
45,3,51637,50877,760,1.50,5-Sep
46,3,51609,50851,758,1.50,5-Oct
47,3,51389,50619,769,1.50,5-Nov
48,3,51571,50811,761,1.50,5-Dec
49,3,51337,50614,723,1.40,6-Jan
50,3,51768,51023,744,1.40,6-Feb
51,3,51674,50952,722,1.40,6-Mar
52,3,51510,50820,690,1.30,6-Apr
53,3,51825,51077,748,1.40,6-May
54,3,53033,52256,777,1.50,6-Jun
55,3,53546,52705,841,1.60,6-Jul
56,3,52762,51978,784,1.50,6-Aug
57,3,52145,51401,744,1.40,6-Sep
58,3,52930,52245,686,1.30,6-Oct
59,3,52732,52025,707,1.30,6-Nov
60,3,52844,52100,744,1.40,6-Dec
61,3,52061,51294,767,1.50,7-Jan
62,3,52614,51899,715,1.40,7-Feb
63,3,52782,52106,676,1.30,7-Mar
64,3,52838,52196,642,1.20,7-Apr
65,3,52634,51954,680,1.30,7-May
66,3,52907,52153,754,1.40,7-Jun
67,3,53868,53092,776,1.40,7-Jul
68,3,53225,52504,721,1.40,7-Aug
69,3,53005,52259,746,1.40,7-Sep
70,3,53333,52644,689,1.30,7-Oct
71,3,53577,52849,728,1.40,7-Nov
72,3,53381,52658,723,1.40,7-Dec
73,3,53165,52338,828,1.60,8-Jan
74,3,53589,52873,716,1.30,8-Feb
75,3,53826,53029,797,1.50,8-Mar
76,3,53997,53338,659,1.20,8-Apr
77,3,53782,52960,822,1.50,8-May
78,3,54233,53349,884,1.60,8-Jun
79,3,55301,54351,951,1.70,8-Jul
80,3,54797,53862,935,1.70,8-Aug
81,3,53991,53054,937,1.70,8-Sep
82,3,53543,52587,957,1.80,8-Oct
83,3,53219,52185,1033,1.90,8-Nov
84,3,52887,51806,1081,2.00,8-Dec
85,3,52807,51641,1166,2.20,9-Jan
86,3,52947,51733,1214,2.30,9-Feb
87,3,52458,51310,1148,2.20,9-Mar
88,3,52235,51132,1103,2.10,9-Apr
89,3,52308,51027,1281,2.40,9-May
90,3,52993,51591,1403,2.60,9-Jun
91,3,54072,52756,1316,2.40,9-Jul
92,3,52888,51514,1375,2.60,9-Aug
93,3,52263,50861,1403,2.70,9-Sep
94,3,52419,50970,1449,2.80,9-Oct
95,3,52726,51336,1390,2.60,9-Nov
96,3,52682,51265,1418,2.70,9-Dec
97,3,46549,44824,1725,3.70,10-Jan
98,3,46759,45079,1680,3.60,10-Feb
99,3,47027,45400,1627,3.50,10-Mar
100,3,47557,46064,1493,3.10,10-Apr
101,3,47791,46250,1541,3.20,10-May
102,3,48437,46761,1676,3.50,10-Jun
103,3,48939,47261,1678,3.40,10-Jul
104,3,47569,45952,1617,3.40,10-Aug
105,3,47399,45788,1611,3.40,10-Sep
106,3,47509,45895,1614,3.40,10-Oct
107,3,47563,45937,1626,3.40,10-Nov
108,3,47535,45936,1599,3.40,10-Dec
109,3,47694,45969,1725,3.60,11-Jan
110,3,48075,46326,1749,3.60,11-Feb
111,3,47842,46105,1737,3.60,11-Mar
112,3,47855,46182,1673,3.50,11-Apr
113,3,47455,45701,1754,3.70,11-May
114,3,48113,46199,1914,4.00,11-Jun
115,3,48754,46844,1910,3.90,11-Jul
116,3,47957,46120,1837,3.80,11-Aug
117,3,47813,46005,1808,3.80,11-Sep
118,3,47814,46046,1768,3.70,
119,3,47925,46187,1738,3.60,11-Nov
120,3,48082,46388,1694,3.50,11-Dec
121,3,48281,46508,1773,3.70,12-Jan
122,3,48875,47116,1759,3.60,12-Feb
123,3,49094,47427,1667,3.40,12-Mar
124,3,49357,47824,1533,3.10,12-Apr
125,3,49698,48150,1548,3.10,12-May
126,3,50683,49003,1680,3.30,12-Jun
127,3,51301,49628,1673,3.30,12-Jul
128,3,50706,49056,1650,3.30,12-Aug
129,3,50792,49157,1635,3.20,12-Sep
130,3,51433,49812,1621,3.20,12-Oct
131,3,51594,49985,1609,3.10,12-Nov
132,3,51571,49971,1600,3.10,12-Dec
133,3,52871,49766,3105,5.90,13-Jan
134,3,53091,50105,2986,5.60,13-Feb
135,3,52823,50017,2806,5.30,13-Mar
136,3,52879,50263,2616,4.90,13-Apr
137,3,52822,50006,2816,5.30,13-May
138,3,53452,50311,3141,5.90,13-Jun
139,3,53697,50747,2950,5.50,13-Jul
140,3,52612,49778,2834,5.40,13-Aug
141,3,52428,49606,2822,5.40,13-Sep
142,3,52544,49779,2765,5.30,13-Oct
143,3,52659,50212,2447,4.60,13-Nov
144,3,52551,50262,2289,4.40,13-Dec
145,3,52458,49866,2592,4.90,14-Jan
146,3,52870,50150,2720,5.10,14-Feb
147,3,52709,50149,2560,4.90,14-Mar
148,3,52674,50457,2217,4.20,14-Apr
149,3,52939,50522,2417,4.60,14-May
150,3,53885,51199,2686,5.00,14-Jun
151,3,54367,51724,2643,4.90,14-Jul
152,3,53761,50996,2765,5.10,14-Aug
153,3,54040,51307,2733,5.10,14-Sep
154,3,54466,51847,2619,4.80,14-Oct
155,3,54345,51874,2471,4.50,14-Nov
156,3,54232,51797,2435,4.50,14-Dec
157,3,54578,51843,2735,5.00,15-Jan
158,3,54910,52145,2765,5.00,15-Feb
159,3,54665,52133,2532,4.60,15-Mar
160,3,54704,52407,2297,4.20,15-Apr
161,3,54632,52262,2370,4.30,15-May
162,3,55499,52880,2619,4.70,15-Jun
163,3,56087,53626,2461,4.40,15-Jul
164,3,55349,52837,2512,4.50,15-Aug
165,3,55191,52729,2462,4.50,15-Sep
166,3,55635,53295,2340,4.20,15-Oct
167,3,55631,53364,2267,4.10,15-Nov
168,3,55598,53469,2129,3.80,15-Dec
169,3,55650,53307,2343,4.20,16-Jan
170,3,56213,53739,2474,4.40,16-Feb
171,3,56091,53887,2204,3.90,16-Mar
172,3,56143,54219,1924,3.40,16-Apr
173,3,55780,53875,1905,3.40,16-May
174,3,56554,54163,2391,4.20,16-Jun
175,3,56802,54531,2271,4.00,16-Jul
176,3,56051,53663,2388,4.30,16-Aug
177,3,56093,53743,2350,4.20,16-Sep
178,3,56569,54398,2171,3.80,16-Oct
179,3,56588,54515,2073,3.70,16-Nov
180,3,56325,54397,1928,3.40,16-Dec
181,3,56942,54716,2226,3.90,17-Jan
182,3,57373,54951,2422,4.20,17-Feb
183,3,57019,54869,2150,3.80,17-Mar
184,3,57149,55144,2005,3.50,17-Apr
185,3,57574,55463,2111,3.70,17-May
186,3,58007,55540,2467,4.30,17-Jun
1,4,39203,36961,2243,5.70,2-Jan
2,4,39556,37240,2316,5.90,2-Feb
3,4,39470,37359,2111,5.30,2-Mar
4,4,39489,37569,1920,4.90,2-Apr
5,4,39232,37173,2059,5.20,2-May
6,4,39994,37610,2384,6.00,2-Jun
7,4,40705,38417,2288,5.60,2-Jul
8,4,39854,37667,2187,5.50,2-Aug
9,4,39296,37286,2010,5.10,2-Sep
10,4,39037,37052,1986,5.10,2-Oct
11,4,39002,36912,2090,5.40,2-Nov
12,4,39031,36883,2149,5.50,2-Dec
13,4,38954,36781,2173,5.60,3-Jan
14,4,39495,37123,2372,6.00,3-Feb
15,4,39526,37412,2114,5.30,3-Mar
16,4,39608,37424,2183,5.50,3-Apr
17,4,39329,37335,1995,5.10,3-May
18,4,40485,37858,2627,6.50,3-Jun
19,4,40836,38443,2394,5.90,3-Jul
20,4,40145,37615,2530,6.30,3-Aug
21,4,39311,37377,1935,4.90,3-Sep
22,4,39863,37558,2305,5.80,3-Oct
23,4,39580,37361,2219,5.60,3-Nov
24,4,39099,37017,2081,5.30,3-Dec
25,4,39420,37142,2278,5.80,4-Jan
26,4,39913,37625,2287,5.70,4-Feb
27,4,39999,37519,2481,6.20,4-Mar
28,4,39870,37640,2230,5.60,4-Apr
29,4,39614,37321,2292,5.80,4-May
30,4,40401,37828,2573,6.40,4-Jun
31,4,41155,38347,2807,6.80,4-Jul
32,4,40651,38265,2387,5.90,4-Aug
33,4,40300,37941,2359,5.90,4-Sep
34,4,40590,38133,2457,6.10,4-Oct
35,4,40618,38111,2507,6.20,4-Nov
36,4,40785,38213,2572,6.30,4-Dec
37,4,40644,38358,2286,5.60,5-Jan
38,4,41257,38749,2508,6.10,5-Feb
39,4,41171,38864,2307,5.60,5-Mar
40,4,41175,39109,2067,5.00,5-Apr
41,4,41022,38706,2316,5.60,5-May
42,4,41638,39326,2312,5.60,5-Jun
43,4,42410,40265,2144,5.10,5-Jul
44,4,41902,39852,2051,4.90,5-Aug
45,4,41265,39302,1963,4.80,5-Sep
46,4,41239,39282,1957,4.70,5-Oct
47,4,41089,39103,1986,4.80,5-Nov
48,4,41214,39251,1963,4.80,5-Dec
49,4,40965,39099,1867,4.60,6-Jan
50,4,41336,39415,1921,4.60,6-Feb
51,4,41224,39360,1864,4.50,6-Mar
52,4,41040,39258,1782,4.30,6-Apr
53,4,41387,39457,1930,4.70,6-May
54,4,42374,40367,2007,4.70,6-Jun
55,4,42886,40714,2172,5.10,6-Jul
56,4,42177,40152,2025,4.80,6-Aug
57,4,41627,39707,1921,4.60,6-Sep
58,4,42128,40359,1770,4.20,6-Oct
59,4,42015,40189,1826,4.30,6-Nov
60,4,42168,40247,1921,4.60,6-Dec
61,4,41604,39624,1980,4.80,7-Jan
62,4,41938,40092,1846,4.40,7-Feb
63,4,41996,40252,1744,4.20,7-Mar
64,4,41978,40321,1656,3.90,7-Apr
65,4,41889,40134,1755,4.20,7-May
66,4,42233,40288,1945,4.60,7-Jun
67,4,43015,41013,2002,4.70,7-Jul
68,4,42421,40559,1861,4.40,7-Aug
69,4,42295,40369,1926,4.60,7-Sep
70,4,42446,40667,1779,4.20,7-Oct
71,4,42704,40826,1878,4.40,7-Nov
72,4,42543,40678,1865,4.40,7-Dec
73,4,42567,40430,2137,5.00,8-Jan
74,4,42693,40844,1849,4.30,8-Feb
75,4,43021,40964,2056,4.80,8-Mar
76,4,42904,41203,1700,4.00,8-Apr
77,4,43033,40911,2122,4.90,8-May
78,4,43494,41212,2283,5.20,8-Jun
79,4,44439,41986,2454,5.50,8-Jul
80,4,44021,41608,2414,5.50,8-Aug
81,4,43404,40984,2420,5.60,8-Sep
82,4,43092,40623,2469,5.70,8-Oct
83,4,42981,40313,2668,6.20,8-Nov
84,4,42810,40020,2790,6.50,8-Dec
85,4,42901,39892,3009,7.00,9-Jan
86,4,43098,39964,3134,7.30,9-Feb
87,4,42600,39637,2963,7.00,9-Mar
88,4,42346,39499,2847,6.70,9-Apr
89,4,42726,39418,3308,7.70,9-May
90,4,43474,39854,3621,8.30,9-Jun
91,4,44150,40753,3396,7.70,9-Jul
92,4,43343,39794,3549,8.20,9-Aug
93,4,42910,39290,3620,8.40,9-Sep
94,4,43114,39374,3739,8.70,9-Oct
95,4,43245,39657,3589,8.30,9-Nov
96,4,43261,39601,3660,8.50,9-Dec
97,4,42008,37402,4606,11.00,10-Jan
98,4,42101,37615,4486,10.70,10-Feb
99,4,42229,37883,4346,10.30,10-Mar
100,4,42425,38437,3988,9.40,10-Apr
101,4,42710,38593,4117,9.60,10-May
102,4,43495,39019,4476,10.30,10-Jun
103,4,43918,39436,4482,10.20,10-Jul
104,4,42662,38343,4319,10.10,10-Aug
105,4,42510,38207,4303,10.10,10-Sep
106,4,42608,38296,4312,10.10,10-Oct
107,4,42675,38331,4344,10.20,10-Nov
108,4,42601,38331,4270,10.00,10-Dec
109,4,42967,38358,4609,10.70,11-Jan
110,4,43328,38656,4672,10.80,11-Feb
111,4,43110,38471,4639,10.80,11-Mar
112,4,43004,38535,4469,10.40,11-Apr
113,4,42820,38134,4686,10.90,11-May
114,4,43664,38550,5114,11.70,11-Jun
115,4,44191,39088,5103,11.50,11-Jul
116,4,43392,38484,4908,11.30,11-Aug
117,4,43219,38388,4831,11.20,11-Sep
118,4,43146,38423,4723,10.90,
119,4,43184,38540,4644,10.80,11-Nov
120,4,43232,38707,4525,10.50,11-Dec
121,4,43542,38807,4735,10.90,12-Jan
122,4,44012,39314,4698,10.70,12-Feb
123,4,44026,39573,4453,10.10,12-Mar
124,4,43999,39904,4095,9.30,12-Apr
125,4,44312,40176,4136,9.30,12-May
126,4,45376,40888,4488,9.90,12-Jun
127,4,45880,41410,4470,9.70,12-Jul
128,4,45342,40933,4409,9.70,12-Aug
129,4,45386,41017,4369,9.60,12-Sep
130,4,45894,41563,4331,9.40,12-Oct
131,4,46007,41708,4299,9.30,12-Nov
132,4,45972,41696,4276,9.30,12-Dec
133,4,45478,41525,3953,8.70,13-Jan
134,4,45576,41808,3768,8.30,13-Feb
135,4,45380,41734,3646,8.00,13-Mar
136,4,45298,41940,3358,7.40,13-Apr
137,4,45129,41725,3404,7.50,13-May
138,4,45803,41980,3823,8.30,13-Jun
139,4,46123,42343,3780,8.20,13-Jul
140,4,45250,41535,3715,8.20,13-Aug
141,4,45092,41391,3701,8.20,13-Sep
142,4,45345,41536,3809,8.40,13-Oct
143,4,45336,41897,3439,7.60,13-Nov
144,4,45256,41939,3317,7.30,13-Dec
145,4,45206,41609,3597,8.00,14-Jan
146,4,45402,41846,3556,7.80,14-Feb
147,4,45215,41845,3370,7.50,14-Mar
148,4,45199,42102,3097,6.90,14-Apr
149,4,45192,42156,3036,6.70,14-May
150,4,46066,42722,3344,7.30,14-Jun
151,4,46533,43160,3373,7.20,14-Jul
152,4,45956,42552,3404,7.40,14-Aug
153,4,46248,42811,3437,7.40,14-Sep
154,4,46584,43262,3322,7.10,14-Oct
155,4,46547,43285,3262,7.00,14-Nov
156,4,46396,43220,3176,6.80,14-Dec
157,4,46670,43259,3411,7.30,15-Jan
158,4,46891,43511,3380,7.20,15-Feb
159,4,46588,43502,3086,6.60,15-Mar
160,4,46503,43730,2773,6.00,15-Apr
161,4,46485,43609,2876,6.20,15-May
162,4,47257,44125,3132,6.60,15-Jun
163,4,47729,44747,2982,6.20,15-Jul
164,4,47035,44089,2946,6.30,15-Aug
165,4,46886,43999,2887,6.20,15-Sep
166,4,47343,44471,2872,6.10,15-Oct
167,4,47273,44528,2745,5.80,15-Nov
168,4,47256,44616,2640,5.60,15-Dec
169,4,47307,44481,2826,6.00,16-Jan
170,4,47629,44842,2787,5.90,16-Feb
171,4,47525,44965,2560,5.40,16-Mar
172,4,47541,45242,2299,4.80,16-Apr
173,4,47278,44955,2323,4.90,16-May
174,4,47965,45196,2769,5.80,16-Jun
175,4,48219,45502,2717,5.60,16-Jul
176,4,47492,44779,2713,5.70,16-Aug
177,4,47532,44845,2687,5.70,16-Sep
178,4,48013,45392,2621,5.50,16-Oct
179,4,47952,45489,2463,5.10,16-Nov
180,4,47718,45391,2327,4.90,16-Dec
181,4,48326,45657,2669,5.50,17-Jan
182,4,48546,45853,2693,5.50,17-Feb
183,4,48215,45784,2431,5.00,17-Mar
184,4,48303,46014,2289,4.70,17-Apr
185,4,48618,46280,2338,4.80,17-May
186,4,49128,46345,2783,5.70,17-Jun
1,5,32149,29040,3109,9.70,2-Jan
2,5,32470,29259,3211,9.90,2-Feb
3,5,32280,29353,2927,9.10,2-Mar
4,5,32180,29518,2662,8.30,2-Apr
5,5,32061,29207,2855,8.90,2-May
6,5,32855,29550,3305,10.10,2-Jun
7,5,33356,30184,3172,9.50,2-Jul
8,5,32627,29595,3032,9.30,2-Aug
9,5,32082,29295,2787,8.70,2-Sep
10,5,31864,29111,2753,8.60,2-Oct
11,5,31899,29001,2897,9.10,2-Nov
12,5,31957,28978,2979,9.30,2-Dec
13,5,31912,28898,3013,9.40,3-Jan
14,5,32456,29167,3289,10.10,3-Feb
15,5,32325,29394,2931,9.10,3-Mar
16,5,32431,29404,3027,9.30,3-Apr
17,5,32099,29333,2766,8.60,3-May
18,5,33387,29745,3642,10.90,3-Jun
19,5,33523,30204,3319,9.90,3-Jul
20,5,33062,29554,3508,10.60,3-Aug
21,5,32049,29366,2683,8.40,3-Sep
22,5,32705,29509,3196,9.80,3-Oct
23,5,32430,29354,3076,9.50,3-Nov
24,5,31970,29084,2886,9.00,3-Dec
25,5,32341,29183,3158,9.80,4-Jan
26,5,32733,29562,3171,9.70,4-Feb
27,5,32918,29478,3440,10.40,4-Mar
28,5,32666,29573,3093,9.50,4-Apr
29,5,32501,29323,3178,9.80,4-May
30,5,33289,29721,3568,10.70,4-Jun
31,5,34022,30129,3892,11.40,4-Jul
32,5,33373,30064,3309,9.90,4-Aug
33,5,33081,29810,3271,9.90,4-Sep
34,5,33368,29961,3407,10.20,4-Oct
35,5,33420,29943,3476,10.40,4-Nov
36,5,33589,30024,3566,10.60,4-Dec
37,5,33307,30137,3170,9.50,5-Jan
38,5,33922,30445,3477,10.30,5-Feb
39,5,33733,30535,3198,9.50,5-Mar
40,5,33593,30728,2865,8.50,5-Apr
41,5,33622,30411,3211,9.60,5-May
42,5,34104,30898,3205,9.40,5-Jun
43,5,34609,31636,2973,8.60,5-Jul
44,5,34154,31311,2843,8.30,5-Aug
45,5,33601,30879,2722,8.10,5-Sep
46,5,33577,30864,2714,8.10,5-Oct
47,5,33476,30723,2754,8.20,5-Nov
48,5,33562,30839,2722,8.10,5-Dec
49,5,33308,30719,2588,7.80,6-Jan
50,5,33632,30968,2664,7.90,6-Feb
51,5,33509,30925,2584,7.70,6-Mar
52,5,33316,30845,2471,7.40,6-Apr
53,5,33677,31001,2676,7.90,6-May
54,5,34499,31716,2783,8.10,6-Jun
55,5,35000,31989,3011,8.60,6-Jul
56,5,34355,31547,2807,8.20,6-Aug
57,5,33860,31197,2663,7.90,6-Sep
58,5,34163,31709,2454,7.20,6-Oct
59,5,34108,31576,2532,7.40,6-Nov
60,5,34285,31622,2664,7.80,6-Dec
61,5,33878,31132,2746,8.10,7-Jan
62,5,34059,31500,2560,7.50,7-Feb
63,5,34044,31625,2419,7.10,7-Mar
64,5,33977,31680,2297,6.80,7-Apr
65,5,33966,31533,2433,7.20,7-May
66,5,34351,31654,2697,7.90,7-Jun
67,5,35000,32224,2776,7.90,7-Jul
68,5,34448,31867,2581,7.50,7-Aug
69,5,34388,31718,2670,7.80,7-Sep
70,5,34418,31952,2466,7.20,7-Oct
71,5,34681,32076,2604,7.50,7-Nov
72,5,34547,31960,2586,7.50,7-Dec
73,5,34729,31766,2963,8.50,8-Jan
74,5,34654,32091,2564,7.40,8-Feb
75,5,35037,32185,2851,8.10,8-Mar
76,5,34731,32373,2357,6.80,8-Apr
77,5,35086,32144,2942,8.40,8-May
78,5,35545,32380,3165,8.90,8-Jun
79,5,36390,32988,3402,9.30,8-Jul
80,5,36037,32691,3347,9.30,8-Aug
81,5,35556,32201,3355,9.40,8-Sep
82,5,35341,31917,3424,9.70,8-Oct
83,5,35373,31673,3699,10.50,8-Nov
84,5,35312,31443,3869,11.00,8-Dec
85,5,35515,31343,4172,11.70,9-Jan
86,5,35744,31399,4345,12.20,9-Feb
87,5,35251,31142,4108,11.70,9-Mar
88,5,34982,31034,3948,11.30,9-Apr
89,5,35557,30970,4586,12.90,9-May
90,5,36333,31313,5020,13.80,9-Jun
91,5,36729,32020,4709,12.80,9-Jul
92,5,36187,31266,4921,13.60,9-Aug
93,5,35890,30870,5020,14.00,9-Sep
94,5,36121,30936,5185,14.40,9-Oct
95,5,36134,31158,4976,13.80,9-Nov
96,5,36189,31115,5074,14.00,9-Dec
97,5,38806,32758,6048,15.60,10-Jan
98,5,38835,32945,5890,15.20,10-Feb
99,5,38885,33179,5706,14.70,10-Mar
100,5,38901,33665,5236,13.50,10-Apr
101,5,39207,33801,5406,13.80,10-May
102,5,40051,34174,5877,14.70,10-Jun
103,5,40424,34539,5885,14.60,10-Jul
104,5,39253,33582,5671,14.40,10-Aug
105,5,39112,33462,5650,14.40,10-Sep
106,5,39202,33541,5661,14.40,10-Oct
107,5,39276,33572,5704,14.50,10-Nov
108,5,39178,33571,5607,14.30,10-Dec
109,5,39648,33595,6053,15.30,11-Jan
110,5,39992,33856,6136,15.30,11-Feb
111,5,39786,33694,6092,15.30,11-Mar
112,5,39620,33751,5869,14.80,11-Apr
113,5,39552,33399,6153,15.60,11-May
114,5,40479,33763,6716,16.60,11-Jun
115,5,40936,34235,6701,16.40,11-Jul
116,5,40151,33705,6446,16.10,11-Aug
117,5,39966,33622,6344,15.90,11-Sep
118,5,39855,33652,6203,15.60,
119,5,39854,33755,6099,15.30,11-Nov
120,5,39844,33901,5943,14.90,11-Dec
121,5,40208,33989,6219,15.50,12-Jan
122,5,40603,34433,6170,15.20,12-Feb
123,5,40508,34660,5848,14.40,12-Mar
124,5,40327,34950,5377,13.30,12-Apr
125,5,40621,35189,5432,13.40,12-May
126,5,41705,35812,5893,14.10,12-Jun
127,5,42139,36269,5870,13.90,12-Jul
128,5,41641,35851,5790,13.90,12-Aug
129,5,41662,35925,5737,13.80,12-Sep
130,5,42091,36403,5688,13.50,12-Oct
131,5,42176,36530,5646,13.40,12-Nov
132,5,42135,36520,5615,13.30,12-Dec
133,5,40945,36369,4576,11.20,13-Jan
134,5,41218,36617,4601,11.20,13-Feb
135,5,40968,36552,4416,10.80,13-Mar
136,5,40870,36733,4137,10.10,13-Apr
137,5,40735,36545,4190,10.30,13-May
138,5,41354,36768,4586,11.10,13-Jun
139,5,41767,37086,4681,11.20,13-Jul
140,5,41005,36378,4627,11.30,13-Aug
141,5,40832,36252,4580,11.20,13-Sep
142,5,40999,36379,4620,11.30,13-Oct
143,5,40911,36696,4215,10.30,13-Nov
144,5,40719,36732,3987,9.80,13-Dec
145,5,40619,36443,4176,10.30,14-Jan
146,5,40932,36651,4281,10.50,14-Feb
147,5,40662,36650,4012,9.90,14-Mar
148,5,40667,36875,3792,9.30,14-Apr
149,5,40667,36922,3745,9.20,14-May
150,5,41612,37418,4194,10.10,14-Jun
151,5,42205,37801,4404,10.40,14-Jul
152,5,41563,37269,4294,10.30,14-Aug
153,5,41694,37496,4198,10.10,14-Sep
154,5,41993,37891,4102,9.80,14-Oct
155,5,41884,37911,3973,9.50,14-Nov
156,5,41706,37855,3851,9.20,14-Dec
157,5,41928,37888,4040,9.60,15-Jan
158,5,42199,38109,4090,9.70,15-Feb
159,5,41868,38100,3768,9.00,15-Mar
160,5,41773,38300,3473,8.30,15-Apr
161,5,41577,38194,3383,8.10,15-May
162,5,42327,38645,3682,8.70,15-Jun
163,5,43060,39191,3869,9.00,15-Jul
164,5,42375,38614,3761,8.90,15-Aug
165,5,42119,38535,3584,8.50,15-Sep
166,5,42441,38949,3492,8.20,15-Oct
167,5,42468,38999,3469,8.20,15-Nov
168,5,42368,39076,3292,7.80,15-Dec
169,5,42457,38958,3499,8.20,16-Jan
170,5,42695,39274,3421,8.00,16-Feb
171,5,42581,39381,3200,7.50,16-Mar
172,5,42473,39624,2849,6.70,16-Apr
173,5,42188,39373,2815,6.70,16-May
174,5,42901,39584,3317,7.70,16-Jun
175,5,43253,39852,3401,7.90,16-Jul
176,5,42605,39218,3387,7.90,16-Aug
177,5,42464,39277,3187,7.50,16-Sep
178,5,42886,39755,3131,7.30,16-Oct
179,5,42889,39840,3049,7.10,16-Nov
180,5,42631,39755,2876,6.70,16-Dec
181,5,42956,39988,2968,6.90,17-Jan
182,5,43205,40159,3046,7.10,17-Feb
183,5,42916,40099,2817,6.60,17-Mar
184,5,43054,40301,2753,6.40,17-Apr
185,5,43339,40534,2805,6.50,17-May
186,5,43908,40590,3318,7.60,17-Jun
1,6,38403,35683,2720,7.10,2-Jan
2,6,38762,35953,2809,7.20,2-Feb
3,6,38628,36068,2560,6.60,2-Mar
4,6,38600,36271,2329,6.00,2-Apr
5,6,38385,35888,2497,6.50,2-May
6,6,39202,36310,2891,7.40,2-Jun
7,6,39864,37089,2775,7.00,2-Jul
8,6,39018,36366,2652,6.80,2-Aug
9,6,38435,35997,2438,6.30,2-Sep
10,6,38180,35771,2409,6.30,2-Oct
11,6,38171,35636,2535,6.60,2-Nov
12,6,38214,35608,2606,6.80,2-Dec
13,6,38146,35510,2636,6.90,3-Jan
14,6,38717,35840,2877,7.40,3-Feb
15,6,38683,36119,2564,6.60,3-Mar
16,6,38779,36131,2648,6.80,3-Apr
17,6,38464,36044,2419,6.30,3-May
18,6,39736,36550,3186,8.00,3-Jun
19,6,40017,37114,2903,7.30,3-Jul
20,6,39384,36315,3069,7.80,3-Aug
21,6,38432,36085,2347,6.10,3-Sep
22,6,39056,36260,2796,7.20,3-Oct
23,6,38761,36070,2691,6.90,3-Nov
24,6,38262,35738,2524,6.60,3-Dec
25,6,38622,35859,2763,7.20,4-Jan
26,6,39099,36325,2774,7.10,4-Feb
27,6,39231,36222,3009,7.70,4-Mar
28,6,39044,36339,2705,6.90,4-Apr
29,6,38812,36031,2780,7.20,4-May
30,6,39641,36520,3121,7.90,4-Jun
31,6,40427,37022,3405,8.40,4-Jul
32,6,39837,36942,2895,7.30,4-Aug
33,6,39491,36630,2862,7.20,4-Sep
34,6,39795,36815,2980,7.50,4-Oct
35,6,39835,36794,3041,7.60,4-Nov
36,6,40011,36892,3119,7.80,4-Dec
37,6,39805,37032,2773,7.00,5-Jan
38,6,40451,37409,3042,7.50,5-Feb
39,6,40318,37521,2798,6.90,5-Mar
40,6,40264,37757,2507,6.20,5-Apr
41,6,40177,37368,2809,7.00,5-May
42,6,40771,37967,2804,6.90,5-Jun
43,6,41474,38874,2601,6.30,5-Jul
44,6,40962,38474,2487,6.10,5-Aug
45,6,40325,37943,2381,5.90,5-Sep
46,6,40298,37924,2374,5.90,5-Oct
47,6,40160,37751,2409,6.00,5-Nov
48,6,40276,37894,2382,5.90,5-Dec
49,6,40011,37747,2264,5.70,6-Jan
50,6,40383,38053,2331,5.80,6-Feb
51,6,40260,38000,2261,5.60,6-Mar
52,6,40063,37901,2162,5.40,6-Apr
53,6,40434,38093,2341,5.80,6-May
54,6,41406,38972,2434,5.90,6-Jun
55,6,41941,39307,2634,6.30,6-Jul
56,6,41221,38765,2456,6.00,6-Aug
57,6,40664,38334,2330,5.70,6-Sep
58,6,41110,38964,2146,5.20,6-Oct
59,6,41015,38800,2215,5.40,6-Nov
60,6,41186,38856,2330,5.70,6-Dec
61,6,40657,38254,2402,5.90,7-Jan
62,6,40945,38706,2239,5.50,7-Feb
63,6,40976,38860,2116,5.20,7-Mar
64,6,40937,38928,2009,4.90,7-Apr
65,6,40875,38747,2128,5.20,7-May
66,6,41255,38895,2359,5.70,7-Jun
67,6,42024,39596,2429,5.80,7-Jul
68,6,41415,39157,2258,5.50,7-Aug
69,6,41310,38974,2336,5.70,7-Sep
70,6,41419,39262,2157,5.20,7-Oct
71,6,41693,39415,2278,5.50,7-Nov
72,6,41534,39272,2262,5.40,7-Dec
73,6,41625,39033,2592,6.20,8-Jan
74,6,41675,39432,2243,5.40,8-Feb
75,6,42043,39549,2494,5.90,8-Mar
76,6,41842,39779,2062,4.90,8-Apr
77,6,42071,39497,2574,6.10,8-May
78,6,42556,39787,2769,6.50,8-Jun
79,6,43511,40534,2976,6.80,8-Jul
80,6,43097,40170,2928,6.80,8-Aug
81,6,42502,39567,2935,6.90,8-Sep
82,6,42214,39219,2995,7.10,8-Oct
83,6,42156,38920,3236,7.70,8-Nov
84,6,42021,38637,3385,8.10,8-Dec
85,6,42163,38513,3650,8.70,9-Jan
86,6,42384,38582,3801,9.00,9-Feb
87,6,41861,38267,3594,8.60,9-Mar
88,6,41588,38134,3454,8.30,9-Apr
89,6,42068,38056,4012,9.50,9-May
90,6,42868,38476,4392,10.20,9-Jun
91,6,43465,39345,4120,9.50,9-Jul
92,6,42723,38418,4305,10.10,9-Aug
93,6,42323,37932,4391,10.40,9-Sep
94,6,42549,38013,4536,10.70,9-Oct
95,6,42639,38286,4353,10.20,9-Nov
96,6,42672,38233,4439,10.40,9-Dec
97,6,47956,44374,3582,7.50,10-Jan
98,6,48115,44627,3488,7.20,10-Feb
99,6,48323,44944,3379,7.00,10-Mar
100,6,48703,45602,3101,6.40,10-Apr
101,6,48987,45786,3201,6.50,10-May
102,6,49772,46292,3480,7.00,10-Jun
103,6,50272,46787,3485,6.90,10-Jul
104,6,48850,45491,3359,6.90,10-Aug
105,6,48674,45328,3346,6.90,10-Sep
106,6,48788,45435,3353,6.90,10-Oct
107,6,48854,45476,3378,6.90,10-Nov
108,6,48796,45476,3320,6.80,10-Dec
109,6,49093,45509,3584,7.30,11-Jan
110,6,49496,45863,3633,7.30,11-Feb
111,6,49250,45643,3607,7.30,11-Mar
112,6,49194,45719,3475,7.10,11-Apr
113,6,48886,45243,3643,7.50,11-May
114,6,49713,45737,3976,8.00,11-Jun
115,6,50343,46375,3968,7.90,11-Jul
116,6,49474,45658,3816,7.70,11-Aug
117,6,49300,45544,3756,7.60,11-Sep
118,6,49258,45585,3673,7.50,
119,6,49336,45725,3611,7.30,11-Nov
120,6,49442,45923,3519,7.10,11-Dec
121,6,49724,46041,3683,7.40,12-Jan
122,6,50297,46643,3654,7.30,12-Feb
123,6,50413,46950,3463,6.90,12-Mar
124,6,50527,47343,3184,6.30,12-Apr
125,6,50883,47666,3217,6.30,12-May
126,6,52000,48510,3490,6.70,12-Jun
127,6,52606,49130,3476,6.60,12-Jul
128,6,51992,48563,3429,6.60,12-Aug
129,6,52061,48664,3397,6.50,12-Sep
130,6,52679,49311,3368,6.40,12-Oct
131,6,52826,49483,3343,6.30,12-Nov
132,6,52794,49469,3325,6.30,12-Dec
133,6,53667,49267,4400,8.20,13-Jan
134,6,53922,49603,4319,8.00,13-Feb
135,6,53695,49515,4180,7.80,13-Mar
136,6,53701,49759,3942,7.30,13-Apr
137,6,53340,49505,3835,7.20,13-May
138,6,53852,49807,4045,7.50,13-Jun
139,6,54036,50237,3799,7.00,13-Jul
140,6,53129,49279,3850,7.20,13-Aug
141,6,52959,49108,3851,7.30,13-Sep
142,6,53310,49280,4030,7.60,13-Oct
143,6,53262,49709,3553,6.70,13-Nov
144,6,53105,49758,3347,6.30,13-Dec
145,6,52866,49366,3500,6.60,14-Jan
146,6,53221,49647,3574,6.70,14-Feb
147,6,53054,49646,3408,6.40,14-Mar
148,6,52910,49951,2959,5.60,14-Apr
149,6,53135,50015,3120,5.90,14-May
150,6,54117,50686,3431,6.30,14-Jun
151,6,54700,51206,3494,6.40,14-Jul
152,6,54112,50485,3627,6.70,14-Aug
153,6,54246,50792,3454,6.40,14-Sep
154,6,54811,51327,3484,6.40,14-Oct
155,6,54699,51354,3345,6.10,14-Nov
156,6,54605,51278,3327,6.10,14-Dec
157,6,54946,51323,3623,6.60,15-Jan
158,6,55138,51622,3516,6.40,15-Feb
159,6,54940,51610,3330,6.10,15-Mar
160,6,54955,51881,3074,5.60,15-Apr
161,6,54837,51738,3099,5.70,15-May
162,6,55717,52349,3368,6.00,15-Jun
163,6,56381,53088,3293,5.80,15-Jul
164,6,55561,52307,3254,5.90,15-Aug
165,6,55337,52200,3137,5.70,15-Sep
166,6,55865,52761,3104,5.60,15-Oct
167,6,55854,52828,3026,5.40,15-Nov
168,6,55802,52933,2869,5.10,15-Dec
169,6,55862,52773,3089,5.50,16-Jan
170,6,56250,53200,3050,5.40,16-Feb
171,6,56067,53346,2721,4.90,16-Mar
172,6,56110,53675,2435,4.30,16-Apr
173,6,55790,53334,2456,4.40,16-May
174,6,56498,53620,2878,5.10,16-Jun
175,6,56859,53984,2875,5.10,16-Jul
176,6,56015,53125,2890,5.20,16-Aug
177,6,56032,53204,2828,5.00,16-Sep
178,6,56557,53853,2704,4.80,16-Oct
179,6,56564,53968,2596,4.60,16-Nov
180,6,56424,53852,2572,4.60,16-Dec
181,6,57207,54168,3039,5.30,17-Jan
182,6,57709,54400,3309,5.70,17-Feb
183,6,57411,54319,3092,5.40,17-Mar
184,6,57533,54591,2942,5.10,17-Apr
185,6,57930,54907,3023,5.20,17-May
186,6,58292,54983,3309,5.70,17-Jun
1,7,30923,27234,3689,11.90,2-Jan
2,7,31249,27440,3810,12.20,2-Feb
3,7,31000,27527,3473,11.20,2-Mar
4,7,30841,27682,3159,10.20,2-Apr
5,7,30777,27390,3387,11.00,2-May
6,7,31634,27712,3922,12.40,2-Jun
7,7,32071,28307,3764,11.70,2-Jul
8,7,31352,27754,3598,11.50,2-Aug
9,7,30780,27473,3307,10.70,2-Sep
10,7,30568,27301,3267,10.70,2-Oct
11,7,30636,27198,3438,11.20,2-Nov
12,7,30711,27176,3535,11.50,2-Dec
13,7,30677,27101,3576,11.70,3-Jan
14,7,31256,27353,3902,12.50,3-Feb
15,7,31044,27566,3477,11.20,3-Mar
16,7,31167,27575,3592,11.50,3-Apr
17,7,30791,27509,3282,10.70,3-May
18,7,32217,27895,4322,13.40,3-Jun
19,7,32264,28326,3938,12.20,3-Jul
20,7,31879,27716,4163,13.10,3-Aug
21,7,30723,27540,3183,10.40,3-Sep
22,7,31466,27674,3792,12.10,3-Oct
23,7,31179,27529,3650,11.70,3-Nov
24,7,30699,27276,3424,11.20,3-Dec
25,7,31115,27368,3748,12.00,4-Jan
26,7,31487,27724,3763,12.00,4-Feb
27,7,31726,27645,4081,12.90,4-Mar
28,7,31404,27734,3670,11.70,4-Apr
29,7,31271,27499,3771,12.10,4-May
30,7,32106,27873,4233,13.20,4-Jun
31,7,32874,28255,4619,14.00,4-Jul
32,7,32121,28195,3927,12.20,4-Aug
33,7,31838,27956,3882,12.20,4-Sep
34,7,32140,28098,4042,12.60,4-Oct
35,7,32206,28081,4125,12.80,4-Nov
36,7,32387,28156,4231,13.10,4-Dec
37,7,32024,28263,3761,11.70,5-Jan
38,7,32677,28551,4126,12.60,5-Feb
39,7,32431,28636,3795,11.70,5-Mar
40,7,32217,28817,3400,10.60,5-Apr
41,7,32330,28520,3810,11.80,5-May
42,7,32780,28977,3803,11.60,5-Jun
43,7,33196,29669,3528,10.60,5-Jul
44,7,32738,29364,3374,10.30,5-Aug
45,7,32188,28959,3230,10.00,5-Sep
46,7,32164,28944,3220,10.00,5-Oct
47,7,32080,28812,3267,10.20,5-Nov
48,7,32152,28921,3230,10.00,5-Dec
49,7,31880,28809,3071,9.60,6-Jan
50,7,32203,29042,3161,9.80,6-Feb
51,7,32068,29002,3066,9.60,6-Mar
52,7,31859,28927,2932,9.20,6-Apr
53,7,32248,29073,3176,9.80,6-May
54,7,33046,29744,3302,10.00,6-Jun
55,7,33572,30000,3573,10.60,6-Jul
56,7,32917,29585,3331,10.10,6-Aug
57,7,32417,29257,3160,9.70,6-Sep
58,7,32649,29737,2911,8.90,6-Oct
59,7,32617,29612,3005,9.20,6-Nov
60,7,32816,29655,3161,9.60,6-Dec
61,7,32454,29196,3258,10.00,7-Jan
62,7,32578,29541,3037,9.30,7-Feb
63,7,32528,29659,2870,8.80,7-Mar
64,7,32435,29710,2725,8.40,7-Apr
65,7,32459,29572,2887,8.90,7-May
66,7,32885,29685,3200,9.70,7-Jun
67,7,33514,30220,3294,9.80,7-Jul
68,7,32948,29885,3062,9.30,7-Aug
69,7,32913,29745,3168,9.60,7-Sep
70,7,32891,29965,2926,8.90,7-Oct
71,7,33172,30082,3090,9.30,7-Nov
72,7,33041,29973,3069,9.30,7-Dec
73,7,33306,29790,3516,10.60,8-Jan
74,7,33137,30095,3042,9.20,8-Feb
75,7,33567,30184,3383,10.10,8-Mar
76,7,33157,30360,2797,8.40,8-Apr
77,7,33636,30145,3491,10.40,8-May
78,7,34121,30366,3755,11.00,8-Jun
79,7,34973,30936,4037,11.50,8-Jul
80,7,34629,30658,3971,11.50,8-Aug
81,7,34179,30198,3981,11.60,8-Sep
82,7,33995,29932,4063,12.00,8-Oct
83,7,34093,29704,4389,12.90,8-Nov
84,7,34079,29488,4591,13.50,8-Dec
85,7,34344,29394,4950,14.40,9-Jan
86,7,34603,29446,5156,14.90,9-Feb
87,7,34081,29206,4875,14.30,9-Mar
88,7,33789,29104,4685,13.90,9-Apr
89,7,34486,29044,5442,15.80,9-May
90,7,35322,29365,5957,16.90,9-Jun
91,7,35616,30028,5588,15.70,9-Jul
92,7,35161,29321,5839,16.60,9-Aug
93,7,34906,28950,5956,17.10,9-Sep
94,7,35164,29012,6152,17.50,9-Oct
95,7,35124,29220,5904,16.80,9-Nov
96,7,35200,29180,6021,17.10,9-Dec
97,7,32768,26231,6537,19.90,10-Jan
98,7,32747,26380,6367,19.40,10-Feb
99,7,32736,26568,6168,18.80,10-Mar
100,7,32617,26957,5660,17.40,10-Apr
101,7,32909,27066,5843,17.80,10-May
102,7,33716,27364,6352,18.80,10-Jun
103,7,34018,27657,6361,18.70,10-Jul
104,7,33021,26891,6130,18.60,10-Aug
105,7,32902,26795,6107,18.60,10-Sep
106,7,32977,26858,6119,18.60,10-Oct
107,7,33047,26882,6165,18.70,10-Nov
108,7,32942,26882,6060,18.40,10-Dec
109,7,33442,26901,6541,19.60,11-Jan
110,7,33741,27110,6631,19.70,11-Feb
111,7,33564,26980,6584,19.60,11-Mar
112,7,33368,27025,6343,19.00,11-Apr
113,7,33394,26744,6650,19.90,11-May
114,7,34293,27035,7258,21.20,11-Jun
115,7,34655,27413,7242,20.90,11-Jul
116,7,33955,26989,6966,20.50,11-Aug
117,7,33778,26922,6856,20.30,11-Sep
118,7,33649,26946,6703,19.90,
119,7,33620,27029,6591,19.60,11-Nov
120,7,33569,27146,6423,19.10,11-Dec
121,7,33937,27216,6721,19.80,12-Jan
122,7,34241,27572,6669,19.50,12-Feb
123,7,34075,27754,6321,18.60,12-Mar
124,7,33798,27986,5812,17.20,12-Apr
125,7,34048,28177,5871,17.20,12-May
126,7,35046,28676,6370,18.20,12-Jun
127,7,35386,29042,6344,17.90,12-Jul
128,7,34965,28707,6258,17.90,12-Aug
129,7,34967,28766,6201,17.70,12-Sep
130,7,35297,29149,6148,17.40,12-Oct
131,7,35353,29251,6102,17.30,12-Nov
132,7,35312,29243,6069,17.20,12-Dec
133,7,34126,29123,5003,14.70,13-Jan
134,7,34397,29321,5076,14.80,13-Feb
135,7,34166,29269,4897,14.30,13-Mar
136,7,34000,29414,4586,13.50,13-Apr
137,7,33826,29263,4563,13.50,13-May
138,7,34363,29442,4921,14.30,13-Jun
139,7,34908,29696,5212,14.90,13-Jul
140,7,34340,29130,5210,15.20,13-Aug
141,7,34001,29029,4972,14.60,13-Sep
142,7,34145,29130,5015,14.70,13-Oct
143,7,34190,29384,4806,14.10,13-Nov
144,7,34065,29413,4652,13.70,13-Dec
145,7,33958,29181,4777,14.10,14-Jan
146,7,34088,29347,4741,13.90,14-Feb
147,7,33922,29347,4575,13.50,14-Mar
148,7,33855,29527,4328,12.80,14-Apr
149,7,33814,29565,4249,12.60,14-May
150,7,34707,29961,4746,13.70,14-Jun
151,7,35388,30269,5119,14.50,14-Jul
152,7,34764,29842,4922,14.20,14-Aug
153,7,34831,30024,4807,13.80,14-Sep
154,7,35107,30340,4767,13.60,14-Oct
155,7,35151,30356,4795,13.60,14-Nov
156,7,34806,30311,4495,12.90,14-Dec
157,7,34853,30338,4515,13.00,15-Jan
158,7,34945,30514,4431,12.70,15-Feb
159,7,34556,30508,4048,11.70,15-Mar
160,7,34527,30668,3859,11.20,15-Apr
161,7,34344,30583,3761,11.00,15-May
162,7,35163,30944,4219,12.00,15-Jun
163,7,35892,31381,4511,12.60,15-Jul
164,7,35215,30920,4295,12.20,15-Aug
165,7,34943,30856,4087,11.70,15-Sep
166,7,35305,31188,4117,11.70,15-Oct
167,7,35298,31228,4070,11.50,15-Nov
168,7,35119,31289,3830,10.90,15-Dec
169,7,35151,31195,3956,11.30,16-Jan
170,7,35398,31447,3951,11.20,16-Feb
171,7,35252,31534,3718,10.50,16-Mar
172,7,35161,31728,3433,9.80,16-Apr
173,7,34970,31527,3443,9.80,16-May
174,7,35557,31696,3861,10.90,16-Jun
175,7,36022,31911,4111,11.40,16-Jul
176,7,35302,31403,3899,11.00,16-Aug
177,7,35207,31450,3757,10.70,16-Sep
178,7,35604,31833,3771,10.60,16-Oct
179,7,35470,31901,3569,10.10,16-Nov
180,7,35245,31832,3413,9.70,16-Dec
181,7,35584,32019,3565,10.00,17-Jan
182,7,35616,32157,3459,9.70,17-Feb
183,7,35367,32108,3259,9.20,17-Mar
184,7,35479,32270,3209,9.00,17-Apr
185,7,35704,32456,3248,9.10,17-May
186,7,36395,32501,3894,10.70,17-Jun
1,8,26166,21396,4770,18.20,2-Jan
2,8,26483,21557,4925,18.60,2-Feb
3,8,26116,21626,4490,17.20,2-Mar
4,8,25832,21748,4084,15.80,2-Apr
5,8,25897,21518,4379,16.90,2-May
6,8,26842,21772,5070,18.90,2-Jun
7,8,27105,22239,4866,18.00,2-Jul
8,8,26456,21805,4651,17.60,2-Aug
9,8,25859,21584,4275,16.50,2-Sep
10,8,25672,21448,4224,16.50,2-Oct
11,8,25812,21367,4445,17.20,2-Nov
12,8,25920,21350,4570,17.60,2-Dec
13,8,25914,21291,4623,17.80,3-Jan
14,8,26535,21490,5045,19.00,3-Feb
15,8,26153,21657,4496,17.20,3-Mar
16,8,26308,21664,4644,17.70,3-Apr
17,8,25855,21612,4243,16.40,3-May
18,8,27502,21915,5587,20.30,3-Jun
19,8,27345,22253,5091,18.60,3-Jul
20,8,27156,21774,5382,19.80,3-Aug
21,8,25752,21636,4115,16.00,3-Sep
22,8,26644,21742,4903,18.40,3-Oct
23,8,26346,21627,4719,17.90,3-Nov
24,8,25855,21428,4427,17.10,3-Dec
25,8,26346,21501,4845,18.40,4-Jan
26,8,26645,21780,4865,18.30,4-Feb
27,8,26995,21719,5277,19.50,4-Mar
28,8,26533,21789,4744,17.90,4-Apr
29,8,26480,21604,4876,18.40,4-May
30,8,27371,21898,5473,20.00,4-Jun
31,8,28169,22198,5971,21.20,4-Jul
32,8,27227,22150,5076,18.60,4-Aug
33,8,26981,21963,5018,18.60,4-Sep
34,8,27300,22074,5226,19.10,4-Oct
35,8,27394,22061,5333,19.50,4-Nov
36,8,27590,22120,5470,19.80,4-Dec
37,8,27067,22204,4862,18.00,5-Jan
38,8,27765,22431,5334,19.20,5-Feb
39,8,27404,22497,4906,17.90,5-Mar
40,8,27035,22639,4396,16.30,5-Apr
41,8,27332,22406,4926,18.00,5-May
42,8,27682,22765,4917,17.80,5-Jun
43,8,27869,23309,4561,16.40,5-Jul
44,8,27431,23069,4362,15.90,5-Aug
45,8,26926,22751,4176,15.50,5-Sep
46,8,26903,22739,4163,15.50,5-Oct
47,8,26860,22636,4224,15.70,5-Nov
48,8,26898,22721,4176,15.50,5-Dec
49,8,26604,22633,3971,14.90,6-Jan
50,8,26903,22816,4087,15.20,6-Feb
51,8,26749,22785,3964,14.80,6-Mar
52,8,26517,22725,3791,14.30,6-Apr
53,8,26946,22840,4106,15.20,6-May
54,8,27636,23367,4269,15.40,6-Jun
55,8,28187,23568,4619,16.40,6-Jul
56,8,27550,23243,4307,15.60,6-Aug
57,8,27070,22985,4085,15.10,6-Sep
58,8,27127,23363,3764,13.90,6-Oct
59,8,27149,23264,3885,14.30,6-Nov
60,8,27384,23298,4086,14.90,6-Dec
61,8,27150,22937,4212,15.50,7-Jan
62,8,27135,23208,3927,14.50,7-Feb
63,8,27011,23301,3710,13.70,7-Mar
64,8,26864,23341,3523,13.10,7-Apr
65,8,26965,23233,3732,13.80,7-May
66,8,27459,23322,4137,15.10,7-Jun
67,8,28000,23742,4259,15.20,7-Jul
68,8,27438,23479,3959,14.40,7-Aug
69,8,27464,23369,4096,14.90,7-Sep
70,8,27324,23541,3783,13.80,7-Oct
71,8,27628,23633,3995,14.50,7-Nov
72,8,27515,23548,3967,14.40,7-Dec
73,8,27949,23404,4545,16.30,8-Jan
74,8,27576,23643,3933,14.30,8-Feb
75,8,28087,23713,4374,15.60,8-Mar
76,8,27468,23852,3616,13.20,8-Apr
77,8,28196,23682,4513,16.00,8-May
78,8,28712,23856,4855,16.90,8-Jun
79,8,29523,24304,5219,17.70,8-Jul
80,8,29219,24086,5134,17.60,8-Aug
81,8,28871,23724,5147,17.80,8-Sep
82,8,28768,23515,5253,18.30,8-Oct
83,8,29011,23336,5675,19.60,8-Nov
84,8,29102,23166,5935,20.40,8-Dec
85,8,29493,23093,6400,21.70,9-Jan
86,8,29800,23134,6666,22.40,9-Feb
87,8,29247,22945,6303,21.50,9-Mar
88,8,28921,22865,6056,20.90,9-Apr
89,8,29854,22818,7036,23.60,9-May
90,8,30771,23070,7701,25.00,9-Jun
91,8,30815,23591,7224,23.40,9-Jul
92,8,30585,23036,7549,24.70,9-Aug
93,8,30445,22744,7701,25.30,9-Sep
94,8,30746,22793,7954,25.90,9-Oct
95,8,30589,22956,7633,25.00,9-Nov
96,8,30708,22924,7784,25.30,9-Dec
97,8,27116,20687,6429,23.70,10-Jan
98,8,27066,20805,6261,23.10,10-Feb
99,8,27018,20953,6065,22.40,10-Mar
100,8,26826,21260,5566,20.70,10-Apr
101,8,27092,21346,5746,21.20,10-May
102,8,27828,21581,6247,22.40,10-Jun
103,8,28067,21812,6255,22.30,10-Jul
104,8,27236,21208,6028,22.10,10-Aug
105,8,27138,21132,6006,22.10,10-Sep
106,8,27200,21182,6018,22.10,10-Oct
107,8,27264,21201,6063,22.20,10-Nov
108,8,27161,21201,5960,21.90,10-Dec
109,8,27649,21216,6433,23.30,11-Jan
110,8,27901,21380,6521,23.40,11-Feb
111,8,27753,21278,6475,23.30,11-Mar
112,8,27552,21314,6238,22.60,11-Apr
113,8,27632,21092,6540,23.70,11-May
114,8,28459,21322,7137,25.10,11-Jun
115,8,28741,21619,7122,24.80,11-Jul
116,8,28136,21285,6851,24.30,11-Aug
117,8,27975,21232,6743,24.10,11-Sep
118,8,27843,21251,6592,23.70,
119,8,27798,21316,6482,23.30,11-Nov
120,8,27725,21409,6316,22.80,11-Dec
121,8,28075,21465,6610,23.50,12-Jan
122,8,28303,21745,6558,23.20,12-Feb
123,8,28104,21888,6216,22.10,12-Mar
124,8,27787,22072,5715,20.60,12-Apr
125,8,27995,22222,5773,20.60,12-May
126,8,28880,22616,6264,21.70,12-Jun
127,8,29144,22905,6239,21.40,12-Jul
128,8,28795,22640,6155,21.40,12-Aug
129,8,28785,22687,6098,21.20,12-Sep
130,8,29035,22989,6046,20.80,12-Oct
131,8,29070,23069,6001,20.60,12-Nov
132,8,29031,23063,5968,20.60,12-Dec
133,8,27973,22967,5006,17.90,13-Jan
134,8,28169,23124,5045,17.90,13-Feb
135,8,27733,23083,4650,16.80,13-Mar
136,8,27693,23197,4496,16.20,13-Apr
137,8,27630,23078,4552,16.50,13-May
138,8,28069,23219,4850,17.30,13-Jun
139,8,28485,23420,5065,17.80,13-Jul
140,8,28049,22973,5076,18.10,13-Aug
141,8,27828,22894,4934,17.70,13-Sep
142,8,27938,22974,4964,17.80,13-Oct
143,8,27976,23173,4803,17.20,13-Nov
144,8,27841,23196,4645,16.70,13-Dec
145,8,27580,23014,4566,16.60,14-Jan
146,8,27714,23145,4569,16.50,14-Feb
147,8,27509,23145,4364,15.90,14-Mar
148,8,27516,23287,4229,15.40,14-Apr
149,8,27516,23317,4199,15.30,14-May
150,8,28322,23630,4692,16.60,14-Jun
151,8,28914,23872,5042,17.40,14-Jul
152,8,28417,23536,4881,17.20,14-Aug
153,8,28428,23679,4749,16.70,14-Sep
154,8,28821,23929,4892,17.00,14-Oct
155,8,28770,23941,4829,16.80,14-Nov
156,8,28551,23906,4645,16.30,14-Dec
157,8,28529,23926,4603,16.10,15-Jan
158,8,28542,24066,4476,15.70,15-Feb
159,8,28128,24060,4068,14.50,15-Mar
160,8,27913,24187,3726,13.30,15-Apr
161,8,27746,24120,3626,13.10,15-May
162,8,28521,24405,4116,14.40,15-Jun
163,8,29205,24749,4456,15.30,15-Jul
164,8,28707,24385,4322,15.10,15-Aug
165,8,28466,24335,4131,14.50,15-Sep
166,8,28828,24597,4231,14.70,15-Oct
167,8,28778,24628,4150,14.40,15-Nov
168,8,28724,24677,4047,14.10,15-Dec
169,8,28665,24602,4063,14.20,16-Jan
170,8,28765,24802,3963,13.80,16-Feb
171,8,28621,24870,3751,13.10,16-Mar
172,8,28372,25023,3349,11.80,16-Apr
173,8,28179,24864,3315,11.80,16-May
174,8,28777,24997,3780,13.10,16-Jun
175,8,29229,25167,4062,13.90,16-Jul
176,8,28626,24767,3859,13.50,16-Aug
177,8,28446,24803,3643,12.80,16-Sep
178,8,28805,25106,3699,12.80,16-Oct
179,8,28767,25160,3607,12.50,16-Nov
180,8,28631,25105,3526,12.30,16-Dec
181,8,29005,25253,3752,12.90,17-Jan
182,8,28983,25361,3622,12.50,17-Feb
183,8,28779,25323,3456,12.00,17-Mar
184,8,28795,25450,3345,11.60,17-Apr
185,8,28890,25597,3293,11.40,17-May
186,8,29568,25633,3935,13.30,17-Jun
187,1,63734,60527,3207,5.00,17-Jul
187,2,65787,62632,3155,4.80,17-Jul
187,3,57982,55378,2604,4.50,17-Jul
187,4,49202,46209,2993,6.10,17-Jul
187,5,44123,40471,3652,8.30,17-Jul
187,6,58432,54823,3609,6.20,17-Jul
187,7,36755,32407,4348,11.80,17-Jul
187,8,30086,25558,4528,15.10,17-Jul
